                               PPPPPPPPPPP   RRRRRRRRRRR   TTTTTTTTTTTT   AAAAAAAAAA    SSSSSSSSSS   MM        MM
                              PPPPPPPPPPPP  RRRRRRRRRRRR  TTTTTTTTTTTT  AAAAAAAAAAAA  SSSSSSSSSSSS  MMM      MMM
                             PP        PP  RR        RR       TT       AA        AA  SS        SS  MMMM    MMMM
                            PP        PP  RR        RR       TT       AA        AA  SS            MM MM  MM MM
                           PP        PP  RR        RR       TT       AA        AA  SSS           MM  MMMM  MM
                          PPPPPPPPPPPP  RRRRRRRRRRRR       TT       AAAAAAAAAAAA   SSSSSSSSS    MM   MM   MM
                         PPPPPPPPPPP   RRRRRRRRRRR        TT       AAAAAAAAAAAA    SSSSSSSSS   MM        MM
                        PP            RR    RR           TT       AA        AA           SSS  MM        MM
                       PP            RR     RR          TT       AA        AA            SS  MM        MM
                      PP            RR      RR         TT       AA        AA  SS        SS  MM        MM
                     PP            RR       RR        TT       AA        AA  SSSSSSSSSSSS  MM        MM
                    PP            RR        RR       TT       AA        AA   SSSSSSSSSS   MM        MM



                    JJJJJJJJJJ       11        2222222222   555555555555                               AAAAAAAAAA
                    JJJJJJJJJJ      111       222222222222  555555555555                              AAAAAAAAAAAA
                        JJ         1111       22        22  55                                        AA        AA
                        JJ           11                 22  55                                        AA        AA
                        JJ           11                 22  55                                        AA        AA
                        JJ           11                22   555555555                                 AAAAAAAAAAAA
                        JJ           11              22     5555555555                                AAAAAAAAAAAA
                        JJ           11            22                55                               AA        AA
                  JJ    JJ           11          22                   55                              AA        AA
                  JJ    JJ           11        22                     55                              AA        AA
                  JJJJJJJJ       1111111111   222222222222  555555555555                              AA        AA
                   JJJJJJ        1111111111   222222222222  55555555555                               AA        AA


****A  START  JOB  125  PRTASM                          ROOM       11.43.05 AM 02 SEP 26  PRINTER1  SYS TK5R  JOB  125  START  A****
****A  START  JOB  125  PRTASM                          ROOM       11.43.05 AM 02 SEP 26  PRINTER1  SYS TK5R  JOB  125  START  A****
****A  START  JOB  125  PRTASM                          ROOM       11.43.05 AM 02 SEP 26  PRINTER1  SYS TK5R  JOB  125  START  A****
****A  START  JOB  125  PRTASM                          ROOM       11.43.05 AM 02 SEP 26  PRINTER1  SYS TK5R  JOB  125  START  A****
                                                J E S 2   J O B   L O G


11.43.05 JOB  125  $HASP373 PRTASM   STARTED - INIT  1 - CLASS A - SYS TK5R
11.43.05 JOB  125  IEF403I PRTASM - STARTED - TIME=11.43.05
11.43.05 JOB  125  IEFACTRT - Stepname  Procstep  Program   Retcode
11.43.05 JOB  125  PRTASM     STEP01              IEBPTPCH  RC= 0000
11.43.05 JOB  125  IEF404I PRTASM - ENDED - TIME=11.43.05
11.43.05 JOB  125  $HASP395 PRTASM   ENDED


------ JES2 JOB STATISTICS ------


 02 SEP 26 JOB EXECUTION DATE


         9 CARDS READ


     2,317 SYSOUT PRINT RECORDS


         0 SYSOUT PUNCH RECORDS


      0.00 MINUTES EXECUTION TIME
    1     //PRTASM    JOB USER=HERC01,PASSWORD=                                   JOB  125
    2     //STEP01   EXEC PGM=IEBPTPCH
    3     //SYSPRINT DD SYSOUT=*
    4     //SYSUT1   DD DSN=SYS2.ASM,DISP=SHR
    5     //SYSUT2   DD SYSOUT=*
    6     //SYSIN    DD *
IEF236I ALLOC. FOR PRTASM STEP01
IEF237I JES2 ALLOCATED TO SYSPRINT
IEF237I 191  ALLOCATED TO SYSUT1
IEF237I JES2 ALLOCATED TO SYSUT2
IEF237I JES2 ALLOCATED TO SYSIN
IEF142I PRTASM STEP01 - STEP WAS EXECUTED - COND CODE 0000
IEF285I   JES2.JOB00125.SO0102                         SYSOUT
IEF285I   SYS2.ASM                                     KEPT          *------234
IEF285I   VOL SER NOS= TSO002.
IEF285I   JES2.JOB00125.SO0103                         SYSOUT
IEF285I   JES2.JOB00125.SI0101                         SYSIN
IEF373I STEP /STEP01  / START 26245.1143
IEF374I STEP /STEP01  / STOP  26245.1143 CPU    0MIN 00.15SEC SRB    0MIN 00.03SEC VIRT    32K SYS   192K
************************************************************************************************************************************
*     1. Jobstep of job: PRTASM      Stepname: STEP01      Program name: IEBPTPCH   Executed on 02.09.26 from 11.43.05 to 11.43.05 *
*         elapsed time  00:00:00,34                      CPU-Identifier:  TK5R           Page-in:      0                           *
*             CPU time  00:00:00,18               Virtual Storage used:     32K         Page-out:      0                           *
*           corr. CPU:  00:00:00,18   CPU time has been corrected by  1 / 1,0  multiplier                                          *
*                                                                                                                                  *
*     I/O Operation                                                                                                                *
*     Number of records read via DD * or DD DATA:      2                                                                           *
*     DMY.......0 191.....234 DMY.......0 DMY.......0                                                                              *
*                                                                                                                                  *
*                                          Charge for step (w/o SYSOUT):          0,30                                             *
************************************************************************************************************************************
IEF375I  JOB /PRTASM  / START 26245.1143
IEF376I  JOB /PRTASM  / STOP  26245.1143 CPU    0MIN 00.15SEC SRB    0MIN 00.03SEC



PRINT/PUNCH DATA SET UTILITY                                                                      PAGE 0001
  PRINT TYPORG=PO,MAXFLDS=1
  RECORD FIELD=(80,1,,1)
 EOF ON SYSIN
 END OF DATA FOR SDS OR MEMBER
 END OF DATA FOR SDS OR MEMBER
 END OF DATA FOR SDS OR MEMBER
 END OF DATA FOR SDS OR MEMBER
 END OF DATA FOR SDS OR MEMBER                                                                                                              PAGE 0001
MEMBER NAME  EZACIC04
EZACIC04 TITLE 'TCP/IP for MVS 3.8 EBCDIC to ASCII Translation'

EZACIC04 CSECT
***********************************************************************
* This routine provides an interface which is compatible with the     *
* the z/OS Communications Server routine to perform an EBCDIC to      *
* ASCII translation. Translation is accomplished by invoking EZASOH03 *
* which then executes the TCPIP instruction to perform the translation*
* on the Hercules host.                                               *
*                                                                     *
* Invocation:                                                         *
*                                                                     *
*  CALL   EZACIC04,(buffer,length),VL                                 *
*          buffer - Address of the EBCDIC string to translate to ASCII*
*          length - Length of the string to be translated             *
*                                                                     *
* Change history:                                                     *
*                                                                     *
* 02/28/2017 - Initial release                 Shelby Beach           *
*                                                                     *
***********************************************************************

***********************************************************************
*                 Register usage                                      *
***********************************************************************
R0       EQU   0
R1       EQU   1
R2       EQU   2
R3       EQU   3
R4       EQU   4
R5       EQU   5
R6       EQU   6
R7       EQU   7
R8       EQU   8                       A(Buffer)
R9       EQU   9                       A(L'Buffer)
R10      EQU   10                      A(EZACIC04 parameter list)
R11      EQU   11                      Intermediate return code value
R12      EQU   12                      Module base
R13      EQU   13                      A(Dynamic storage area)
R14      EQU   14
R15      EQU   15

***********************************************************************
*                 Entry Processing                                    *
***********************************************************************
         STM   R14,R12,12(R13)         Save caller's regs.
         LR    R12,R15                 R12 = Base addr
         USING EZACIC04,R12

         LR    R10,R1                  R10 = A(EZACIC04 parm list)

*  Allocate dynamic storage area
         LA    R0,DSALEN               R0 = L'Dynamic storage area
         GETMAIN R,LV=(0)              Get DSA.

         ST    R13,4(,R1)              Chain save
         ST    R1,8(,R13)              areas.
         LR    R13,R1                  R13 = A(DSA)                                                                                                              PAGE 0002
MEMBER NAME  EZACIC04
         USING DSA,R13

***********************************************************************
*                 Request Translation                                 *
***********************************************************************
         LM    R8,R9,0(R10)            R8 = A(Buffer); R9 = A(L'Buffer)

*  Perform required error checks
         LA    R11,8                   R11 = RC (Too many parms)
         LTR   R8,R8                   Invalid parm count ?
         BM    LEAVE                   Yes.
         LTR   R9,R9                   Invalid parm count ?
         BNM   LEAVE                   Yes.
         LA    R11,12                  R11 = RC (Zero buffer length)
         ICM   R0,B'1111',0(R9)        R0 = L'Buffer
         BZ    LEAVE                   Invalid buffer length parm.
         LA    R11,16                  R11 = RC (Zero buffer address)
         LTR   R8,R8                   Zero buffer address ?
         BZ    LEAVE                   Yes.

*  Build and execute translation request
         XR    R11,R11                 R11 = RC (No errors)
         LA    R0,=C'EBCD'             We are requesting EBCDIC->ASCII.
         ST    R0,TRANPRMS             Set translation type.
         ST    R9,TRANPRMS+4           Set A(L'Buffer)
         ST    R8,TRANPRMS+8           Set A(Buffer)
         LA    R1,TRANPRMS             R1 = A(Translation parm list)
         L     R15,=V(EZASOH03)        R15 = A(EZASOH03 TCP/IP routine)
         BALR  R14,R15                 Perform translation.

***********************************************************************
*                 Exit Processing                                     *
***********************************************************************
LEAVE    DS    0H
         LR    R1,R13                  R1 = A(DSA)
         LA    R0,DSALEN               R0 = L'Dynamic storage area
         L     R13,4(,R13)             Pt to caller's save area.
         FREEMAIN R,A=(1),LV=(0)       Release dynamic storage area.

         ST    R11,16(,R13)            Set to pass RC to caller in R15.
         LM    R14,R12,12(R13)         Restore caller's regs.
         BR    R14                     Return.

***********************************************************************
*                 Dynamic Storage Area                                *
***********************************************************************
DSA      DSECT
SAVEAREA DS    18F

TRANPRMS DS    3A                      EZASOH03 translation parm list

         DS    0D
DSALEN   EQU   *-DSA
         END                                                                                                              PAGE 0003
MEMBER NAME  EZACIC05
EZACIC05 TITLE 'TCP/IP for MVS 3.8 ASCII to EBCDIC Translation'

EZACIC05 CSECT
***********************************************************************
* This routine provides an interface which is compatible with the     *
* the z/OS Communications Server routine to perform an ASCII TO       *
* EBCDIC translation. Translation is accomplished by invoking EZASOH03*
* which then executes the TCPIP instruction to perform the translation*
* on the Hercules host.                                               *
*                                                                     *
* Invocation:                                                         *
*                                                                     *
*  CALL   EZACIC05,(buffer,length),VL                                 *
*          buffer - Address of the EBCDIC string to translate to ASCII*
*          length - Length of the string to be translated             *
*                                                                     *
* Change history:                                                     *
*                                                                     *
* 02/28/2017 - Initial release                 Shelby Beach           *
*                                                                     *
***********************************************************************

***********************************************************************
*                 Register usage                                      *
***********************************************************************
R0       EQU   0
R1       EQU   1
R2       EQU   2
R3       EQU   3
R4       EQU   4
R5       EQU   5
R6       EQU   6
R7       EQU   7
R8       EQU   8                       A(Buffer)
R9       EQU   9                       A(L'Buffer)
R10      EQU   10                      A(EZACIC05 parameter list)
R11      EQU   11                      Intermediate return code value
R12      EQU   12                      Module base
R13      EQU   13                      A(Dynamic storage area)
R14      EQU   14
R15      EQU   15

***********************************************************************
*                 Entry Processing                                    *
***********************************************************************
         STM   R14,R12,12(R13)         Save caller's regs.
         LR    R12,R15                 R12 = Base addr
         USING EZACIC05,R12

         LR    R10,R1                  R10 = A(EZACIC05 parm list)

*  Allocate dynamic storage area
         LA    R0,DSALEN               R0 = L'Dynamic storage area
         GETMAIN R,LV=(0)              Get DSA.

         ST    R13,4(,R1)              Chain save
         ST    R1,8(,R13)              areas.
         LR    R13,R1                  R13 = A(DSA)                                                                                                              PAGE 0004
MEMBER NAME  EZACIC05
         USING DSA,R13

***********************************************************************
*                 Request Translation                                 *
***********************************************************************
         LM    R8,R9,0(R10)            R8 = A(Buffer); R9 = A(L'Buffer)

*  Perform required error checks
         LA    R11,8                   R11 = RC (Too many parms)
         LTR   R8,R8                   Invalid parm count ?
         BM    LEAVE                   Yes.
         LTR   R9,R9                   Invalid parm count ?
         BNM   LEAVE                   Yes.
         LA    R11,12                  R11 = RC (Zero buffer length)
         ICM   R0,B'1111',0(R9)        R0 = L'Buffer
         BZ    LEAVE                   Invalid buffer length parm.
         LA    R11,16                  R11 = RC (Zero buffer address)
         LTR   R8,R8                   Zero buffer address ?
         BZ    LEAVE                   Yes.

*  Build and execute translation request
         XR    R11,R11                 R11 = RC (No errors)
         LA    R0,=C'ASCI'             We are requesting ASCII->EBCDIC.
         ST    R0,TRANPRMS             Set translation type.
         ST    R9,TRANPRMS+4           Set A(L'Buffer)
         ST    R8,TRANPRMS+8           Set A(Buffer)
         LA    R1,TRANPRMS             R1 = A(Translation parm list)
         L     R15,=V(EZASOH03)        R15 = A(EZASOH03 TCP/IP routine)
         BALR  R14,R15                 Perform translation.

***********************************************************************
*                 Exit Processing                                     *
***********************************************************************
LEAVE    DS    0H
         LR    R1,R13                  R1 = A(DSA)
         LA    R0,DSALEN               R0 = L'Dynamic storage area
         L     R13,4(,R13)             Pt to caller's save area.
         FREEMAIN R,A=(1),LV=(0)       Release dynamic storage area.

         ST    R11,16(,R13)            Set to pass RC to caller in R15.
         LM    R14,R12,12(R13)         Restore caller's regs.
         BR    R14                     Return.

***********************************************************************
*                 Dynamic Storage Area                                *
***********************************************************************
DSA      DSECT
SAVEAREA DS    18F

TRANPRMS DS    3A                      EZASOH03 translation parm list

         DS    0D
DSALEN   EQU   *-DSA
         END                                                                                                              PAGE 0005
MEMBER NAME  EZASOH03
EZASOH03 TITLE 'TCP/IP for MVS 3.8 TCPIP Instruction Interface'

EZASOH03 CSECT
***********************************************************************
* This is a major rewrite of Jason Winter's EZASOKET so that it is    *
* fully reentrant and compatible with the EZASMI macro set provided   *
* by the TCP/IP for MVS 3.8 Assembler product.                        *
*                                                                     *
* EZASOH03 utilizes the TCPIP instruction and must be run on an MVS   *
* system running under control of the Hercules emulator provided by   *
* Juergen Winkelmann's TK4-.                                          *
*                                                                     *
* The EZASMI macro provides the interface to this module.             *
*                                                                     *
*  On Entry:                                                          *
*           R1  = Pointer to EZASOH03 parameter list                  *
*           R14 = Return address                                      *
*  On Return:                                                         *
*           R15 = Return code (Always zero - actual error info is     *
*                              stored in the locations pointed to     *
*                              by the RETCODE and ERRNO parameters.)  *
*                                                                     *
* Copyright (c)2003 Jason Paul Winter, All Rights Reserved.           *
*                                                                     *
* Change history:                                                     *
*                                                                     *
* 06/25/2004 - Enhanced connect() timing       Volker Bandke          *
* 10/12/2016 - Assembler XF compatibility      Juergen Winkelmann     *
* 11/08/2016 - Add NTOP and PTON functions     Shelby Beach           *
* 11/19/2016 - Check NBYTE for SEND/RECV       Shelby Beach           *
* 11/28/2016 - Modify GETHOSTBYNAME to use     Shelby Beach           *
*              EZASOH03 storage                Shelby Beach           *
* 11/30/2016 - Rename to EZASOH03              Shelby Beach           *
* 12/23/2016 - Add gethostbyaddr and           Juergen Winkelmann     *
*              getpeername                                            *
* 12/30/2016   Fix gethostbyaddr plist         Juergen Winkelmann     *
* 01/18/2017   Rewrite for EZASOH03 compatability Shelby Beach        *
***********************************************************************

***********************************************************************
*                 Register usage                                      *
***********************************************************************
R0       EQU   0
R1       EQU   1
R2       EQU   2
R3       EQU   3
R4       EQU   4
R5       EQU   5
R6       EQU   6
R7       EQU   7
R8       EQU   8
R9       EQU   9
R10      EQU   10                      A(EZASMI parameter list)
R11      EQU   11                      CALLPC link reg
R12      EQU   12                      Module base
R13      EQU   13                      A(Dynamic storage area)
R14      EQU   14
R15      EQU   15                                                                                                              PAGE 0006
MEMBER NAME  EZASOH03

AF@INET  EQU   2

***********************************************************************
*                 Entry Processing                                    *
***********************************************************************
         STM   R14,R12,12(R13)         Save caller's regs.
         LR    R12,R15                 R12 = Base addr
         USING EZASOH03,R12

         LR    R10,R1                  R10 = A(EZASMI parm list)

*  Allocate dynamic storage area
         LA    R0,DSALEN               R0 = L'Dynamic storage area
         GETMAIN R,LV=(0)              Get DSA.

         ST    R13,4(,R1)              Chain save
         ST    R1,8(,R13)              areas.
         LR    R13,R1                  R13 = A(DSA)
         USING DSA,R13

         L     R2,0(,R10)              R2 = A(Function name)
         L     R2,0(,R2)               R2 = Function name

         C     R2,INITAPI4             Function = INITAPI ?
         BNE   NOTINIT                 No.

***********************************************************************
*                 TYPE=INITAPI                                        *
***********************************************************************
         XR    R1,R1                   No bytes to send.
         LA    R7,1                    R7 = INITAPI function(1)
         BAL   R11,CALLPC              Perform INITAPI on PC.
         B     EZARETRN                Return to caller.

NOTINIT  DS 0H
         C     R2,TERMAPI4             Function = TERMAPI ?
         BNE   NOTTERM                 No.

***********************************************************************
*                 TYPE=TERMAPI                                        *
*                                                                     *
* The TERMAPI function exists solely to cleanup HOSTENT storage. No   *
* processing is performed by the host PC system.                      *
*                                                                     *
***********************************************************************
         STM   R2,R15,SAVEAREA+12      Save mainline regs.
         L     R11,4(,R10)             R11 = A(Task storage area)
         USING EZAWORK,R11

*  We begin by isolating the entire HOSTENT list, and then freeing
*  the HOSTENT storage areas in that list. In general, since we are
*  suppossedly done with IP processing, no new entries should be added
*  to the list during TERMAPI processing; however, we will serialize
*  access to the head of the list to ensure the integrity of the list.
*  It is possible that we may delete a HOSTENT that some other task
*  has just allocated, but this is essentially a user error.
LISTMOD  DS    0H                                                                                                              PAGE 0007
MEMBER NAME  EZASOH03
         L     R3,HEHEAD               R3 = Head of HOSTENT list
         XR    R1,R1                   We will replace with null list.
         CS    R3,R1,HEHEAD            List still the same ?
         BNZ   LISTMOD                 No, try again.

*  The list as seen by the caller is now empty. Now we will free
*  the storage for all the HOSTENT entries at TERMAPI time.
         DO WHILE=(LTR,R3,R3,NZ)       Continue while not end of list.
           LR    R1,R3                 R1 = A(HOSTENT to free)
           L     R3,0(,R3)             R3 = A(Next HOSTENT entry)
           LA    R0,HSECTLEN           R0 = L'HOSTSECT storage area
           FREEMAIN R,A=(1),LV=(0)     Free HOSTENT storage.
         ENDDO

         LM    R2,R15,SAVEAREA+12      Restore mainline regs.
         B     EZARETRN                Return to caller.

NOTTERM  DS 0H
         C     R2,GETHOST4             Function = GETHOSTBYNAME ?
         BNE   NOTGETH                 No.

***********************************************************************
*                 TYPE=GETHOSTBYNAME                                  *
***********************************************************************
         L     R1,12(,R10)             R1 = A(NAMELEN parm)
         L     R1,0(,R1)               R1 = NAMELEN
         L     R5,16(,R10)             R5 = A(NAME parm)

         LA    R7,4                    R7 = GETHOSTBYNAME function(4)
         BAL   R11,CALLPC              Perform GETHOSTBYNAME on PC.

*  Obtain storage for the HOSTENT
         L     R1,24(,R10)             R1 = A(Task storage work area)
         BAL   R14,GETHOST             Get HOSTENT storage.
         LR    R5,R1                   R5 = A(HOSTENT storage)
         USING HOSTENT,R5

         L     R1,20(,R10)             R1 = A(HOSTENT parm)
         ST    R5,0(,R1)               Return A(HOSTENT) to caller.

*  Initialize HOSTENT storage                                       SLB
         XC    HOSTENT(256),HOSTENT                                 SLB
         XC    HOSTENT+256(HOSTLEN-256),HOSTENT+256                 SLB
         LA    R0,GNAME                                             JW
         ST    R0,HOSTENT                                           JW
         LA    R0,GNULL                                             SLB
         ST    R0,HOSTENT+4            A(h_aliases)                 SLB
         LA    R0,AF@INET                                           SLB
         ST    R0,HOSTENT+8            A(h_addrtype)                SLB
         LA    R0,4                                                 SLB
         ST    R0,HOSTENT+12           h_length                     SLB
         LA    R0,GADD2                                             SLB
         ST    R0,HOSTENT+16           A(h_addr_list)               SLB
         LA    R0,GADDR                                             SLB
         ST    R0,GADD2                                             SLB

         ST    R4,GADDR                Store returned addr in HOSTENT
                                                                                                              PAGE 0008
MEMBER NAME  EZASOH03
         LTR   R15,R4                  Null addr returned ?         SLB
         BNZ   *+6                     No                           SLB
         BCTR  R15,0                   Set RC = -1                  SLB

         L     R1,8(,R10)              R1 = A(RETCODE parm)
         ST    R15,0(,R1)              Return RC value to caller.
         B     EZARETRN                Return to caller.
         DROP  R5

NOTGETH  DS 0H
         C     R2,SOCKET4              Function = SOCKET ?
         BNE   NOTSOCK                 No.

***********************************************************************
*                 TYPE=SOCKET                                         *
***********************************************************************
         XR    R1,R1                   No bytes to send.

         L     R8,12(,R10)             R8 = A(AF parm)
         L     R8,0(,R8)               R8 = AF
         SLL   R8,16                   Make room for SOCTYPE.

         L     R9,16(,R10)             R9 = A(SOCTYPE parm)
         L     R9,0(,R9)               R9 = SOCTYPE
         OR    R8,R9                   R8 = AF × SOCTYPE

         L     R9,20(,R10)             R9 = A(PROTO)
         L     R9,0(,R9)               R9 = PROTP

         LA    R7,5                    R7 = SOCKET function(5)
         BAL   R11,CALLPC              Perform SOCKET on PC.

         L     R1,8(,R10)              R1 = A(RETCODE)
         ST    R4,0(,R1)               Return socket descriptor.

         C     R4,MINUS1               SOCKET call successful ?
         BNE   EZARETRN                Yes, return.

         XR    R1,R1                   No bytes to send.

         LA    R7,3                    R7 = Get error function(3)
         BAL   R11,CALLPC              Get error code from PC.

         L     R1,16(,R10)             R1 = A(ERRNO)
         ST    R4,0(,R1)               Pass error code to caller.

         B     EZARETRN                Return to caller.

NOTSOCK  DS 0H
         C     R2,BIND4
         BNE   NOTBIND

***********************************************************************
*                 TYPE=BIND                                           *
***********************************************************************
         XR    R1,R1                   No bytes to send.

         LA    R7,6                    R7 = BIND function(6)                                                                                                              PAGE 0009
MEMBER NAME  EZASOH03
         L     R8,12(,R10)             R8 = A(S parm)
         LH    R9,0(,R8)               R9 = Socket descriptor
         SLL   R9,16                   Shift to combine with function.
         OR    R7,R9                   R7 = S × Function

         L     R9,16(,R10)             R9 = A(NAME)
         L     R8,4(,R9)               R8 = IP address
         L     R9,0(,R9)               R9 = Family & Port number
         SLL   R9,8
         SRL   R9,8                    Remove Length (if present).

         BAL   R11,CALLPC              Perform BIND on PC.

         L     R1,8(,R10)              R1 = A(RETCODE)
         ST    R4,0(,R1)               Return error indication.

         C     R4,MINUS1               BIND error ?
         BNE   EZARETRN                No, return.

         XR    R1,R1                   No bytes to send.

         LR    R8,R7                   R7 = S × Function
         SRL   R8,16                   R8 = Socket descriptor

         LA    R7,2                    R7 = Get error function(2)
         BAL   R11,CALLPC              Get error code from PC.

         L     R1,4(,R10)              R1 = A(ERRNO)
         ST    R4,0(,R1)               Pass error code to caller.

         B     EZARETRN                Return to caller.

NOTBIND  DS 0H
         C     R2,CONNECT4             Function = CONNECT ?
         BNE   NOTCONN                 No.

***********************************************************************
*                 TYPE=CONNECT                                        *
***********************************************************************
         LA    R7,2                    Loop 3 times (wait twice).
CONNECTL DS    0H
         XR    R1,R1                   No bytes to send.

         SLL   R7,24                   Clear 16 'left'.
         SRL   R7,16                   Clear 8  'right' = 0000xx00.
         LA    R7,7(,R7)               R7 = CONNECT function(7)
         L     R8,12(,R10)             R8 = A(S parm)
         LH    R9,0(,R8)               R9 = Socket descriptor
         SLL   R9,16                   Make room for function & count.
         OR    R7,R9                   R7 = Count × function × socket

         L     R9,16(,R10)             R9 = A(NAME parm)
         L     R8,4(,R9)               R8 = IP address
         L     R9,0(,R9)               R9 = Family & Port number
         SLL   R9,8
         SRL   R9,8                    Remove Length (if present).

         BAL   R11,CALLPC              Perfrm CONNECT on PC.                                                                                                              PAGE 0010
MEMBER NAME  EZASOH03

         C     R4,MINUS2               Need to WAIT ?
         BNE   CNOWAIT                 No.

         SLL   R7,16                   Isolate wait ind.
         SRL   R7,24                   R7 = Wait indicator
         LTR   R7,R7                   Long wait ?
         BZ    CWAITLNG                Yes.

         BCT   R7,SHRTWAIT             Do short wait.

         BAL   R11,TASKWAIS            Wait 1 sec if init wait failed.
         B     CONNECTL                Try again.

SHRTWAIT DS    0H
         BAL   R11,TASKWAIT            Initially only wait .08 secs.
         B     CONNECTL                Try again.

CWAITLNG DS    0H
         L     R4,MINUS1               R4 = CONNECT failed ind
         L     R1,8(,R10)              R1 = A(RETCODE parm)
         ST    R4,0(,R1)               Pass RC to caller.

         LA    R4,61                   R4 = hECONNREFUSED ERRNO
         L     R1,4(,R10)              R1 = A(ERRNO parm)
         ST    R4,0(,R1)               Pass error number to caller.

         B     EZARETRN                Return.

CNOWAIT  DS    0H
         L     R1,8(,R10)              R1 = A(RETCODE parm)
         ST    R4,0(,R1)               Pass RC to caller.

         C     R4,MINUS1               Did an error occur ?
         BNE   EZARETRN                No, return.

         XR    R1,R1                   No bytes to send.

         L     R8,12(,R10)             R8 = A(S parm)
         LH    R8,0(,R8)               R8 = Socket descriptor

         LA    R7,2                    R7 = Get error function(2)
         BAL   R11,CALLPC              Get error code from PC.

         L     R1,4(,R10)              R1 = A(ERRNO parm)
         ST    R4,0(,R1)               Pass error number to caller.
         B     EZARETRN                Return.

NOTCONN  DS 0H
         C     R2,LISTEN4              Function = LISTEN ?
         BNE   NOTLIST                 No.

***********************************************************************
*                 TYPE=LISTEN                                         *
***********************************************************************
         XR    R1,R1                   No bytes to send.

         L     R8,12(,R10)             R8 = A(S parm)                                                                                                              PAGE 0011
MEMBER NAME  EZASOH03
         LH    R8,0(,R8)               R8 = Socket descriptor

         L     R9,16(,R10)             R9 = A(BACKLOG parm)
         L     R9,0(,R9)               R9 = Backlog value

         LA    R7,8                    R7 = LISTEN function(8)
         BAL   R11,CALLPC              Perform LISTEN on PC.

         L     R1,8(,R10)              R1 = A(RETCODE parm)
         ST    R4,0(,R1)               Pass RC to caller.

         C     R4,MINUS1               Did error occur ?
         BNE   EZARETRN                No, return.

         XR    R1,R1                   No bytes to send.

         LA    R7,2                    R7 = Get error function(2)
         BAL   R11,CALLPC              Get error code from PC.

         L     R1,4(,R10)              R1 = A(ERRNO parm)
         ST    R4,0(,R1)               Pass error number to caller.

         B     EZARETRN                Return.

NOTLIST  DS 0H
         C     R2,ACCEPT4              Function = ACCEPT ?
         BNE   NOTACCE                 No.

***********************************************************************
*                 TYPE=ACCEPT                                         *
***********************************************************************
ACCEPTL  DS 0H
         XR    R1,R1                   No bytes to send.

         L     R8,12(,R10)             R8 = A(S parm)
         LH    R8,0(,R8)               R8 = Socket descriptor

         L     R6,16(,R10)             R6 = A(NAME parm)

         LA    R7,9                    R7 = ACCEPT function(9)
         BAL   R11,CALLPC              Perform ACCEPT on PC.

         C     R4,MINUS2               Need to wait ?
         BNE   ANOWAIT                 No.

         BAL   R11,TASKWAIT            Wait .08 secs.
         B     ACCEPTL                 Try again.

ANOWAIT  DS 0H
         L     R1,8(,R10)              R1 = A(RETCODE parm)
         ST    R4,0(,R1)               Pass RC to caller.

         C     R4,MINUS1               Did error occur ?
         BNE   EZARETRN                No, return.

         XR    R1,R1                   No bytes to send.

         LA    R7,2                    R7 = Get error function(2)                                                                                                              PAGE 0012
MEMBER NAME  EZASOH03
         BAL   R11,CALLPC              Get error code from PC.

         L     R1,4(,R10)              R1 = A(ERRNO parm)
         ST    R4,0(,R1)               Pass error number to caller.

         B     EZARETRN                Return.

NOTACCE  DS 0H
         C     R2,SEND4                Function = SEND ?
         BNE   NOTSEND                 No.

***********************************************************************
*                 TYPE=SEND                                           *
***********************************************************************
         L     R1,16(,R10)             R1 = A(NBYTE parm)
         L     R1,0(,R1)               R1 = Number of bytes

         C     R1,=A(1024*1024)        NBYTE > 1024K ?              SLB
         BH    NBYTEERR                Yes.                         SLB

         L     R5,20(,R10)             R5 = A(BUF parm)

         L     R8,12(,R10)             R8 = A(S parm)
         LH    R8,0(,R8)               R8 = Socket descriptor

         LA    R7,10                   R7 = SEND function(10)
         BAL   R11,CALLPC              Perform SEND on PC.

         L     R1,8(,R10)              R1 = A(RETCODE parm)
         ST    R4,0(,R1)               Pass RC to caller.

         C     R4,MINUS1               Did error occur ?
         BNE   EZARETRN                No, return.

         XR    R1,R1                   No bytes to send.

         LA    R7,2                    R7 = Get error function(2)
         BAL   R11,CALLPC              Get error code from PC.

         L     R1,4(,R10)              R1 = A(ERRNO parm)
         ST    R4,0(,R1)               Pass error number to caller.

         B     EZARETRN                Return.

NOTSEND  DS 0H
         C     R2,RECV4                Function = RECV ?
         BNE   NOTRECV                 No.

***********************************************************************
*                 TYPE=RECV                                           *
***********************************************************************
RECVL    DS 0H
         XR    R1,R1                   No bytes to send.

         L     R8,12(,R10)             R8 = A(S parm)
         LH    R8,0(,R8)               R8 = Socket descriptor

         L     R9,16(,R10)             R9 = A(NBYTE parm)                                                                                                              PAGE 0013
MEMBER NAME  EZASOH03
         L     R9,0(,R9)               R9 = Number of bytes

         C     R9,=A(1024*1024)        NBYTE > 1024K ?              SLB
         BH    NBYTEERR                Yes.                         SLB

         L     R6,20(,R10)             R6 = A(BUF parm)

         LA    R7,11                   R7 = RECV function(11)
         BAL   R11,CALLPC              Perform RECV on PC.

         C     R4,MINUS2               Need to wait ?
         BNE   RNOWAIT                 No.

         BAL   R11,TASKWAIT            Wait .08 secs.
         B     RECVL                   Try again.

RNOWAIT  DS 0H
         L     R1,8(,R10)              R1 = A(RETCODE parm)
         ST    R4,0(,R1)               Pass RC to caller.

         C     R4,MINUS1               Did error occur ?
         BNE   EZARETRN                No, return.

         XR    R1,R1                   No bytes to send.

         LA    R7,2                    R7 = Get error function(2)
         BAL   R11,CALLPC              Get error code from PC.

         L     R1,4(,R10)              R1 = A(ERRNO parm)
         ST    R4,0(,R1)               Pass error number to caller.

         B     EZARETRN                Return.

*  SEND/RECV NBYTE value exceeds 1024K                              SLB
NBYTEERR DS    0H                                                   SLB
         LA    R4,40                   R4 = Error code (EMSGSIZE)   SLB
         L     R1,4(,R10)              R1 = A(ERRNO parm)           SLB
         ST    R4,0(,R1)               Set error code.              SLB
         L     R4,MINUS1               R4 = Error return code       SLB
         L     R1,8(,R10)              R1 = A(RETCODE parm)         SLB
         ST    R4,0(,R1)               Set return code.             SLB
         B     EZARETRN                Return.                      SLB

NOTRECV  DS 0H
         C     R2,CLOSE4               Function = CLOSE ?
         BNE   NOTCLOS                 No.

***********************************************************************
*                 TYPE=CLOSE                                          *
***********************************************************************
         XR    R1,R1                   No bytes to send.

         L     R8,12(,R10)             R8 = A(S parm)
         LH    R8,0(,R8)               R8 = Socket descriptor

         LA    R7,12                   R7 = CLOSE function(12)
         BAL   R11,CALLPC              Perform CLOSE on PC.
                                                                                                              PAGE 0014
MEMBER NAME  EZASOH03
         L     R1,8(,R10)              R1 = A(RETCODE parm)
         XR    R15,R15                 Apparently always OK.
         ST    R15,0(,R1)              EZASMI expects an RC.

         B     EZARETRN                Return.

NOTCLOS  DS 0H
         C     R2,EBCDIC24             Function = EBCDIC->ASCII ?
         BNE   NOTEBCD                 No.

***********************************************************************
*                 TYPE=ETOA                                           *
***********************************************************************
         L     R1,4(,R10)              R1 = A(NBYTE parm)
         L     R1,0(,R1)               R1 = Number of bytes

         L     R5,8(,R10)              R5 = A(BUF parm)
         LR    R6,R5                   R6 = A(BUF parm)

         LA    R7,13                   R7 = ETOA function(13)
         BAL   R11,CALLPC              Perform E->A translation on PC.

         B     EZARETRN                Return.

NOTEBCD  DS 0H
         C     R2,ASCII24              Function = ASCII->EBCDIC ?
         BNE   NOTASCI                 No.

***********************************************************************
*                 TYPE=ATOE                                           *
***********************************************************************
         L     R1,4(,R10)              R1 = A(NBYTE parm)
         L     R1,0(,R1)               R1 = Number of bytes

         L     R5,8(,R10)              R5 = A(BUF parm)
         LR    R6,R5                   R6 = A(BUF parm)

         LA    R7,14                   R7 = ATOE function(14)
         BAL   R11,CALLPC              Perform A->E translation on PC.

         B     EZARETRN                Return.

NOTASCI  DS 0H
         C     R2,IOCTL4               Function = IOCTL ?
         BNE   NOTIOCT                 No.

***********************************************************************
*                 TYPE=IOCTL                                          *
***********************************************************************
         XR    R1,R1                   No bytes to send.

         LA    R7,15                   R7 = IOCTL function(15)
         L     R8,12(,R10)             R8 = A(S parm)
         LH    R8,0(,R8)               R8 = Socket descriptor
         SLL   R8,16                   Shift to combine with function.
         OR    R7,R8                   R7 = S × Function

         L     R8,16(,R10)             R8 = A(COMMAND parm)                                                                                                              PAGE 0015
MEMBER NAME  EZASOH03
         L     R8,0(,R8)               R8 = Command
         L     R9,20(,R10)             R9 = A(REQARG parm)
         L     R9,0(,R9)               R9 = Argument value

         BAL   R11,CALLPC              Perform IOCTL on PC.

         C     R8,PLUS1                Command = FIONBIO ?
         BNE   FIONREAD                No.

         XR    R4,R4                   FIONBIO can't produce an error.
         L     R1,8(,R10)              R1 = A(RETCODE parm)
         ST    R4,0(,R1)               Pass RC to caller.
         B     EZARETRN                Return.

FIONREAD DS    0H
         C     R4,MINUS1               IOCTL error ?
         BE    IOCTLERR                Yes.

         L     R1,24(,R10)             R1 = A(RETARG parm)
         ST    R4,0(,R1)               Pass return value to caller.

         XR    R4,R4                   R4 = No error
         L     R1,8(,R10)              R1 = A(RETCODE parm)
         ST    R4,0(,R1)               Pass RC to caller.
         B     EZARETRN                Return.

IOCTLERR DS    0H
         L     R1,8(,R10)              R1 = A(RETCODE parm)
         ST    R4,0(,R1)               Pass RC to caller.

         XR    R1,R1                   No bytes to send.

         L     R8,12(,R10)             R8 = A(S parm)
         LH    R8,0(,R8)               R8 = Socket descriptor

         LA    R7,2                    R7 = Get error function(2)
         BAL   R11,CALLPC              Get error code from PC.

         L     R1,4(,R10)              R1 = A(ERRNO parm)
         ST    R4,0(,R1)               Pass error number to caller.

         B     EZARETRN                Return.

NOTIOCT  DS 0H
         C     R2,GETSOCK4             Function = GETSOCKNAME ?
         BNE   NOTGETS                 No.

***********************************************************************
*                 TYPE=GETSOCKNAME                                    *
***********************************************************************
         XR    R1,R1                   No bytes to send.

         L     R8,12(,R10)             R8 = A(S parm)
         LH    R8,0(,R8)               R8 = Socket number

         L     R6,16(,R10)             R8 = A(NAME parm)

         LA    R7,16                   R7 = GETSOCKNAME function(16)                                                                                                              PAGE 0016
MEMBER NAME  EZASOH03
         BAL   R11,CALLPC              Perform GETSOCKNAME on PC.

         L     R1,8(,R10)              R1 = A(RETCODE parm)
         ST    R4,0(,R1)               Pass RC to caller.

         C     R4,MINUS1               Did error occur ?
         BNE   EZARETRN                No, return.

         XR    R1,R1                   No bytes to send.

         LA    R7,2                    R7 = Get error function(2)
         BAL   R11,CALLPC              Get error code from PC.

         L     R1,4(,R10)              R1 = A(ERRNO parm)
         ST    R4,0(,R1)               Pass error number to caller.

         B     EZARETRN                Return.

NOTGETS  DS 0H                         Function = SELECT ?
         C     R2,SELECT4
         BNE   NOTSELCT                No.                          JW

***********************************************************************
*                 TYPE=SELECT                                         *
***********************************************************************
         XR    R1,R1                   No bytes to send.
         LA    R7,17                   R7 = SELECT function(17)
         L     R8,12(,R10)             R8 = A(MAXSOC parm)
         ICM   R8,B'1111',0(R8)        R8 = Max socket number + 1
         BZ    EZARETRN                Nothing to do.
         BM    EZARETRN                Should allow sleep, but no!
         C     R8,PLUS1                MAXSOC = 1 ?
         BE    EZARETRN                Yes, return.

         LR    R9,R8                   R9 = MaxSock+1
         BCTR  R8,0                    R8 = 'Owner' socket
         SLL   R8,16                   Make room for function number.
         OR    R7,R8                   R7 = Socket × Function

         LA    R8,0                    R8 = Subcode = Init(0)
         BAL   R11,CALLPC              Perform SELECT on PC.

         ICM   R5,B'1111',20(R10)      R5 = A(RSNDMSK parm)
         BZ    NOSETRD                 Skip if null.
         LR    R1,R9                   R1 = MaxSock+1
         LA    R1,30(,R1)              R1 = MaxSock + 31 (MS+1+30)
         SRL   R1,5                    R1 = Words in struct
         SLL   R1,2                    R1 = Bytes in struct
         LA    R8,1                    R8 = Subcode = Set Read(1)
         BAL   R11,CALLPC              Perform SELECT on PC.

NOSETRD  DS    0H
         ICM   R5,B'1111',24(R10)      R5 = A(WSNDMASK parm)
         BZ    NOSETWR                 Skip if null.
         LR    R1,R9                   R1 = MaxSock+1
         LA    R1,30(,R1)              R1 = MaxSock + 31 (MS+1+30)
         SRL   R1,5                    R1 = Words in struct
         SLL   R1,2                    R1 = Bytes in struct                                                                                                              PAGE 0017
MEMBER NAME  EZASOH03
         LA    R8,2                    R8 = Subcode = Set Write(2)
         BAL   R11,CALLPC              Perform SELECT on PC.

NOSETWR  DS    0H
         ICM   R5,B'1111',28(R10)      R5 = A(ESNDMASK parm)
         BZ    NOSETEX                 Skip if null.
         LR    R1,R9                   R1 = MaxSock+1
         LA    R1,30(,R1)              R1 = MaxSock + 31 (MS+1+30)
         SRL   R1,5                    R1 = Words in struct
         SLL   R1,2                    R1 = Bytes in struct
         LA    R8,3                    R8 = Subcode = Set Exception(3)
         BAL   R11,CALLPC              Perform SELECT on PC.

NOSETEX  DS    0H
         ICM   R1,B'1111',16(R10)      R1 = A(TIMEOUT parm)
         BZ    SRERUN                  If null, wait forever.

         L     R8,0(,R1)               R8 = Seconds to wait
         SLL   R8,5                    R8 = Seconds * 32
         LR    R15,R8                  R15 = Seconds * 32
         SLL   R8,1                    R8 = Seconds * 64
         AR    R8,R15                  R8 = Secs * ~100(96) = #.01 secs
         SRL   R8,3                    R8 = ~#.08 sec waits

         ICM   R1,B'1111',4(R1)        R1 = ms to wait
         BZ    SRERUN                  Must be sec-to-wait or no-wait.

         SRL   R1,6                    R1 = ms/~10(8) = # .08 secs
         LTR   R1,R1                   Is it zero ?
         BNZ   SNOROUND                No, no need to round it up.
         LA    R1,1                    Ensure we wait at least .08 secs

SNOROUND DS    0H
         AR    R8,R1                   R8 = ~#.08 sec waits

SRERUN   DS    0H
         XR    R1,R1                   No bytes to send.

         SLL   R8,8                    Make room for subcode.
         O     R8,PLUS4                R8 = Wait time × Subcode(4)
         BAL   R11,CALLPC              Perform SELECT on PC.

         C     R4,MINUS2               Wait required ?
         BNE   SNOWAIT                 No.

         ICM   R1,B'1111',16(R10)      R1 = A(TIMEOUT parm)
         BZ    SDOWAIT                 If null, wait forever.

         XR    R4,R4                   Assume we were triggered.

         SRL   R8,8                    R8 = Timeout value
         LTR   R8,R8                   Time left ?
         BZ    SNOWAIT                 No.
         BCTR  R8,0                    Decr .08 secs.

SDOWAIT  DS    0H
         BAL   R11,TASKWAIT            Perform wait.
         B     SRERUN                  Try again.                                                                                                              PAGE 0018
MEMBER NAME  EZASOH03

SNOWAIT  DS    0H
         L     R1,8(,R10)              R1 = A(RETCODE parm)
         ST    R4,0(,R1)               Pass RC to caller.

         C     R4,MINUS1               Did error occur ?
         BNE   SNOERR                  No.

         XR    R1,R1                   No bytes to send.

         LR    R8,R7                   R7 = Socket × Function
         SRL   R8,16                   R8 = Socket descriptor

         LA    R7,2                    R7 = Get error function(2)
         BAL   R11,CALLPC              Get error code from PC.

         L     R1,4(,R10)              R1 = A(ERRNO parm)
         ST    R4,0(,R1)               Pass error number to caller.

SNOERR   DS    0H
         XR    R1,R1                   No bytes to send.
         ICM   R6,B'1111',32(R10)      R6 = A(RRETMSK parm)
         BZ    NOGETRD                 Skip if null.
         LA    R8,5                    R8 = Get Read subcode(5)
         BAL   R11,CALLPC              Perform SELECT on PC.

NOGETRD  DS    0H
         XR    R1,R1                   No bytes to send.
         ICM   R6,B'1111',36(R10)      R6 = A(WRETMSK parm)
         BZ    NOGETWR                 Skip if null.
         LA    R8,6                    R8 = Get Write subcode(6)
         BAL   R11,CALLPC              Perform SELECT on PC.

NOGETWR  DS    0H
         XR    R1,R1                   No bytes to send.
         ICM   R6,B'1111',40(R10)      R6 = A(ERETMSK parm)
         BZ    NOGETEX                 Skip if null.
         LA    R8,7                    R8 = Get Exception subcode(7)
         BAL   R11,CALLPC              Perform SELECT on PC.

NOGETEX  DS    0H
         LA    R8,8                    R8 = Cleanup subcode(8)
         BAL   R11,CALLPC              Perform SELECT on PC.

         B     EZARETRN                Return.

NOTSELCT DS 0H                                                      JW
         C     R2,GETHBA4              Function = GETHOSTBYADDR ?   JW
         BNE   NOTGETA                 No.                          JW

***********************************************************************
*                 TYPE=GETHOSTBYADDR                                  *
***********************************************************************
         L     R8,12(,R10)             R8 = A(HOSTADR parm)         JW
         L     R8,0(,R8)               R8 = IP address              JW

*  Obtain storage for the HOSTENT
         L     R1,20(,R10)             R1 = A(Task storage work area)                                                                                                              PAGE 0019
MEMBER NAME  EZASOH03
         BAL   R14,GETHOST             Get HOSTENT storage.
         LR    R5,R1                   R5 = A(HOSTENT storage)
         USING HOSTENT,R5

         L     R1,16(,R10)             R1 = A(HOSTENT parm)         JW
         ST    R5,0(,R1)               Return A(HOSTENT) to caller. JW

*  Initialize HOSTENT storage                                       SLB
         XC    HOSTENT(256),HOSTENT                                 SLB
         XC    HOSTENT+256(HOSTLEN-256),HOSTENT+256                 SLB
         LA    R0,GNAME                                             JW
         ST    R0,HOSTENT                                           JW
         LA    R0,GNULL                                             SLB
         ST    R0,HOSTENT+4            A(h_aliases)                 SLB
         LA    R0,AF@INET                                           SLB
         ST    R0,HOSTENT+8            A(h_addrtype)                SLB
         LA    R0,4                                                 SLB
         ST    R0,HOSTENT+12           h_length                     SLB
         LA    R0,GADD2                                             SLB
         ST    R0,HOSTENT+16           A(h_addr_list)               SLB
         LA    R0,GADDR                                             SLB
         ST    R0,GADD2                                             SLB

         XR    R1,R1                   No bytes to send.
         LA    R6,GNAME                                             JW

         LA    R7,18                   R7 = GETHOSTBYADDR function(18)
         BAL   R11,CALLPC              Perform CLOSE on PC.

         LTR   R15,R4                  Zero length name returned ?  JW
         BNZ   *+6                     No.                          SLB
         BCTR  R15,0                   R15 = RC = -1                SLB

         L     R1,8(,R10)              R1 = A(RETCODE parm)         JW
         ST    R15,0(,R1)              Return RC to caller.         JW

         B     EZARETRN                Return.                      JW
         DROP  R5

NOTGETA  DS 0H                                                      JW
         C     R2,GETPEER4             Function = GETPEERNAME ?     JW
         BNE   NONTOP                  No.                          JW

***********************************************************************
*                 TYPE=GETPEERNAME                                    *
***********************************************************************
         XR    R1,R1                   No bytes to send.

         L     R8,12(,R10)             R8 = A(S parm)               JW
         LH    R8,0(,R8)               R8 = Socket descriptor       JW

         L     R6,16(,R10)             R6 = A(NAME parm)            JW

         LA    R7,19                   R7 = GETPEERNAME function(19)
         BAL   R11,CALLPC              Perform CLOSE on PC.

         L     R1,8(,R10)              R1 = A(RETCODE parm)         JW
         ST    R4,0(,R1)               Pass RC to caller.           JW                                                                                                              PAGE 0020
MEMBER NAME  EZASOH03

         C     R4,MINUS1               Did an error occur ?         JW
         BNE   EZARETRN                No, return.                  JW

         XR    R1,R1                   No bytes to send.            JW

         LA    R7,2                    R7 = Get error function(2)   JW
         BAL   R11,CALLPC              Get error code from PC.      JW

         L     R1,4(,R10)              R1 = A(ERRNO parm)           JW
         ST    R4,0(,R1)               Pass error number to caller. JW

         B     EZARETRN                Return.                      SLB

NONTOP   DS 0H                                                      SLB
         C     R2,NTOP4                Function = NTOP ?            SLB
         BNE   NOPTON                  No.                          SLB

***********************************************************************
*                 TYPE=NTOP                                           *
***********************************************************************

*  Convert network addr to presentation form

*  Verify AF parm value                                             SLB
         L     R1,12(,R10)             R1 = A(AF parm)              SLB
         L     R1,0(,R1)               R1 = AF value                SLB
         LA    R0,AF@INET              R0 = Only acceptable AF valueSLB
         CR    R1,R0                   Valid AF ?                   SLB
         BE    NTOP1                   Yes.                         SLB
         LA    R0,97                   R0 = Bad AF (EAFNOSUPPORT)   SLB
         B     NTOP8                   Return error to caller.      SLB

NTOP1    DS    0H                                                   SLB
         L     R1,16(,R10)             R1 = A(SRCADDR parm)         SLB
         L     R9,0(,R1)               R9 = IP network addr         SLB
         LA    R14,4                   R14 = # of IP addr bytes     SLB
         LA    R15,WORK2               R15 = Formatted addr output  SLB

*  Format IP address network bytes                                  SLB
NTOP3    DS    0H                                                   SLB
         XR    R8,R8                   Clear for next network byte. SLB
         SLDL  R8,8                    R8 = Next IP addr net byte   SLB
         CVD   R8,DWRD                 Make decimal.                SLB
         MVC   WORK1(5),=X'402021204B' Set edit mask.               SLB
         LA    R1,WORK1+3              Set R1 in case single digit. SLB
         EDMK  WORK1(4),DWRD+6         Format network byte.         SLB
         MVC   0(4,R15),0(R1)          Move in next formatted byte. SLB
         LA    R0,WORK1+5              R0 = A(End formatted seg+1)  SLB
         SR    R0,R1                   R0 = L'Formatted network byteSLB
         AR    R15,R0                  R15 = A(Next formatted byte) SLB
         BCT   R14,NTOP3               Continue with next net byte. SLB

*  Copy formatted IP address to DSTADDR location                    SLB
         BCTR  R15,0                   Backup to last dot.          SLB
         LA    R14,WORK2               R14 = Formatted addr output  SLB
         SR    R15,R14                 R15 = L' Formatted IP addr   SLB
         L     R1,24(,R10)             R1 = A(DSTLEN)               SLB                                                                                                              PAGE 0021
MEMBER NAME  EZASOH03
         LH    R0,0(,R1)               R0 = DSTLEN                  SLB
         STH   R15,0(,R1)              Return length to caller.     SLB
         CR    R0,R15                  Output field large enough ?  SLB
         BL    NTOP7                   No, error.                   SLB
         L     R1,20(,R10)             R1 = A(DSTADDR location)     SLB
         BCTR  R15,0                   Decr length for EX.          SLB
         EX    R15,NTOPMVC             Formatted addr to DSTADDR.   SLB

*  Indicate no errors                                               SLB
         XR    R0,R0                   R0 = Error code = Return codeSLB
         L     R1,4(,R10)              R1 = A(ERRNO parm)           SLB
         ST    R0,0(,R1)               Set ERRNO value.             SLB
         L     R1,8(,R10)              R1 = A(RETCODE parm)         SLB
         ST    R0,0(,R1)               Set RETCODE value.           SLB
         B     EZARETRN                Return.                      SLB

*  Return error info                                                SLB
NTOP7    DS    0H                                                   SLB
         LA    R0,28                   R0 = Value won't fit (ENOSPC)SLB

NTOP8    DS    0H                                                   SLB
         L     R1,4(,R10)              R1 = A(ERRNO parm)           SLB
         ST    R0,0(,R1)               Set ERRNO value.             SLB
         L     R0,MINUS1               R0 = Error RC                SLB
         L     R1,8(,R10)              R1 = A(RETCODE parm)         SLB
         ST    R0,0(,R1)               Set RETCODE value.           SLB
         B     EZARETRN                Return.                      SLB

NTOPMVC  MVC   0(*-*,R1),0(R14)                                     SLB

NOPTON   DS 0H                                                      SLB
         C     R2,PTON4                Function = PTON ?            SLB
         BNE   EZARETRN                No.                          SLB

***********************************************************************
*                 TYPE=PTON                                           *
***********************************************************************

*  Convert presentation form to network addr (PTON)

*  Verify AF parm value                                             SLB
         L     R1,12(,R10)             R1 = A(AF parm)              SLB
         L     R1,0(,R1)               R1 = AF value                SLB
         LA    R0,AF@INET              R0 = Only acceptable AF valueSLB
         CR    R1,R0                   Valid AF ?                   SLB
         BE    PTON1                   Yes.                         SLB
         LA    R0,97                   R0 = Bad AF (EAFNOSUPPORT)   SLB
         B     PTON8                   Return error to caller.      SLB

PTON1    DS    0H                                                   SLB
         L     R8,16(,R10)             R8 = A(SRCADDR parm)         SLB
         LA    R14,4                   R14 = # of char string segs  SLB
         L     R1,24(,R10)             R1 = A(SRCLEN parm)          SLB
         XR    R0,R0                                                SLB
         ICM   R0,B'0011',0(R1)        R0 = SRCLEN value            SLB
         BZ    PTON7                   Error, null string.          SLB
         XR    R9,R9                   R9 will hold converted addr. SLB
                                                                                                              PAGE 0022
MEMBER NAME  EZASOH03
*  Obtain next address segment
PTON2    DS    0H                                                   SLB
         LTR   R0,R0                   String chars remaining ?     SLB
         BZ    PTON7                   No, error.                   SLB
         SLL   R9,8                    Shift for next segment byte. SLB
         XR    R1,R1                   R1 holds addr seg digits.    SLB

*  Get next address segment digit
PTON3    DS    0H                                                   SLB
         CLI   0(R8),C'0'              Check                        SLB
         BL    PTON7                   for                          SLB
         CLI   0(R8),C'9'              non-digit.                   SLB
         BH    PTON7                                                SLB
         IC    R1,0(,R8)               R1 = Addr digit              SLB
         BCT   R0,PTON5                Decr string length.          SLB
         B     PTON6                   End of IP addr value.        SLB
PTON5    DS    0H                                                   SLB
         LA    R8,1(,R8)               Pt to next digit.            SLB
         CLI   0(R8),C'.'              End of char string segment ? SLB
         BE    PTON5B                  Yes.                         SLB
         LTR   R0,R0                   String chars remaining ?     SLB
         BZ    PTON6                   No.                          SLB
         SLL   R1,8                    Shift for next digit.        SLB
         B     PTON3                   Continue.                    SLB
PTON5B   DS    0H                                                   SLB
         BCTR  R0,0                    Decr string length for dot.  SLB

*  Convert next address segment                                     SLB
PTON6    DS    0H                                                   SLB
         ST    R1,WORK1                R1 = Unpacked seg value      SLB
         PACK  DWRD,WORK1(4)           Pack for CVB.                SLB
         CVB   R1,DWRD                 R1 = Binary seg value        SLB
         CH    R1,=H'255'              Valid seg value ?            SLB
         BH    PTON7                   No.                          SLB
         OR    R9,R1                   Combine with prior segments  SLB
         LA    R8,1(,R8)               Pt past dot.                 SLB
         BCT   R14,PTON2               Continue with next seg.      SLB
         LTR   R0,R0                   String chars remaining ?     SLB
         BNZ   PTON7                   Yes, error.                  SLB

*  Return converted addr to caller                                  SLB
         L     R1,20(,R10)             R1 = A(DSTADDR)              SLB
         ST    R9,0(,R1)               Store at DSTADDR.            SLB

*  Indicate no errors                                               SLB
         XR    R0,R0                   R0 = Error code = Return codeSLB
         L     R1,4(,R10)              R1 = A(ERRNO parm)           SLB
         ST    R0,0(,R1)               Set ERRNO value.             SLB
         L     R1,8(,R10)              R1 = A(RETCODE parm)         SLB
         ST    R0,0(,R1)               Set RETCODE value.           SLB
         B     EZARETRN                Return.                      SLB

*  Return error info                                                SLB
PTON7    DS    0H                                                   SLB
         LA    R0,99                   R0 = Bad IP address          SLB
PTON8    DS    0H                                                   SLB
         L     R1,4(,R10)              R1 = A(ERRNO parm)           SLB
         ST    R0,0(,R1)               Set ERRNO value.             SLB                                                                                                              PAGE 0023
MEMBER NAME  EZASOH03
         L     R0,MINUS1               R0 = Error RC                SLB
         L     R1,8(,R10)              R1 = A(RETCODE parm)         SLB
         ST    R0,0(,R1)               Set RETCODE value.           SLB
         B     EZARETRN                Return.                      SLB

***********************************************************************
*                 Obtain HOSTENT Storage                              *
*  This routine allocates or returns previously allocated storage in  *
*  which HOSTENT data will be stored. If the currently executing task *
*  has previously required a HOSTENT entry, that same storage will be *
*  returned from this call. If not, storage will be allocated for a   *
*  new HOSTENT entry. This entry will be saved in a LIFO list for use *
*  in subsequent requests for HOSTENT storage by this task.           *
*                                                                     *
*  On Entry:                                                          *
*           R1  = A(Task storage area)                                *
*           R14 = Return address                                      *
*  On Return:                                                         *
*           R1  = A(HOSTENT storage)                                  *
***********************************************************************
GETHOST  DS 0H
         STM   R2,R15,SAVEAREA+12      Save mainline regs.
         LR    R11,R1                  R11 = A(Task storage area)
         USING EZAWORK,R11

*  Determine address of current TCB
         L     R1,16                   R1 = A(CVT)
         L     R1,0(,R1)               R1 = A(TCB words)
         L     R2,0(,R1)               R2 = A(Our TCB)

*  Scan existing HOSTENT list for prior entry allocated for our task.
*  Note that we can do this without serialization because scanning
*  does not affect, nor will it be affected, by the addition of any
*  new entry (which would not be for our task).
         LA    R3,HEHEAD               R3 = A(Head of HOSTENT list)
         USING HOSTSECT,R3

         DO WHILE=(ICM,R3,B'1111',HOSTLINK,NZ),AND,                    +
               (C,R2,NE,HOSTTCB)
         ENDDO

         IF (LTR,R3,R3,Z)              If new HOSTENT needed...
           LA    R0,HSECTLEN           R0 = L'HOSTSECT storage area
           GETMAIN R,LV=(0)            Get HOSTENT storage.
           LR    R3,R1                 R3 = A(HOSTENT storage)
           ST    R2,HOSTTCB            Set requesting task.

*  Add new HOSTENT to top of list
           L     R1,HEHEAD
RETRYLNK   DS    0H
           ST    R1,HOSTLINK           New HOSTENT -> Old 1st HOSTENT
           CS    R1,R3,HEHEAD          Try head -> new HOSTENT
           BNE   RETRYLNK              Try again if other new HOSTENT.
         ENDIF

         LA    R1,HOSTENT              R1 = A(HOSTENT)

         LM    R2,R15,SAVEAREA+12      Restore mainline regs.                                                                                                              PAGE 0024
MEMBER NAME  EZASOH03
         BR    R14                     Return.
         DROP  R3

***********************************************************************
*                 Exit Processing                                     *
***********************************************************************
EZARETRN DS 0H
         LR    R1,R13                  R1 = A(DSA)
         LA    R0,DSALEN               R0 = L'Dynamic storage area
         L     R13,4(,R13)             Pt to caller's save area.
         FREEMAIN R,A=(1),LV=(0)       Release dynamic storage area.

         LM    R14,R12,12(R13)         Restore caller's regs.
         BR    R14                     Return.

* CALLPC: (** REPRESENTS REQUIRED VALUE ON ENTRY)
*  R0  = 0 (Initially, but turns to > 0 after the native call.
** R1  = Byte Counter to send
*  R2  = Source/Destination of PC buffer.  32bits.
*  R3  = Direction (0 = to Host PC, 1 = from Host PC)
*  R4  = Returned Bytes/Code/Socket etc.
** R5  = Source Buffer
** R6  = Destination Buffer (If required)
** R7  = Function Code (+ Socket for 'Connect', 'ioctl' & 'select')
** R8  = Aux. Data (Socket, or Port for 'Connect'...)
** R9  = Aux. Data (Port, or IP Address for 'Connect'...)
*  R10 = <Preserved>
** R11 = Return Address
*  R12 = <Preserved Base>
*  R13 = <Preserved Save>
*  R14 = Identifier (returned & passed back for conversations.)
*  R15 = Work Variable / Return Code

CALLPC   DS 0H
         LA    R3,0              To Host PC
         XR    R0,R0             Restart = No
         DC    X'75005000'       TCPIP 0,000(,R5)
         LTR   R15,R15
         BNZ   ERROR

         LA    R3,1              From Host PC
         XR    R0,R0             Restart = No
         DC    X'75006000'       TCPIP 0,000(,R6)

ERROR    DS 0H
         BR    R11

TASKWAIT DS 0H
         STIMER WAIT,BINTVL=WAITTIME        MVS38j
*        STIMER7 WAIT,BINTVL=WAITTIME        OS/390 for MVS38j
         BR    R11

TASKWAIS DS 0H
         STIMER WAIT,BINTVL=WAITTIMS        MVS38j
*        STIMER7 WAIT,BINTVL=WAITTIMS        OS/390 for MVS38j
         BR    R11

* *******************************************************************                                                                                                              PAGE 0025
MEMBER NAME  EZASOH03
         LTORG
         DS    0F                                                   SLB
INITAPI4 DC    C'INIT'       function 1, func 2&3: error(sock)/error
GETHOST4 DC    C'GETH'       function 4
SOCKET4  DC    C'SOCK'       function 5
BIND4    DC    C'BIND'       function 6
CONNECT4 DC    C'CONN'       function 7
LISTEN4  DC    C'LIST'       function 8
ACCEPT4  DC    C'ACCE'       function 9
SEND4    DC    C'SEND'       function 10
RECV4    DC    C'RECV'       function 11
CLOSE4   DC    C'CLOS'       function 12
EBCDIC24 DC    C'EBCD'       function 13
ASCII24  DC    C'ASCI'       function 14
IOCTL4   DC    C'IOCT'       function 15
GETSOCK4 DC    C'GETS'       function 16
SELECT4  DC    C'SELE'       function 17
GETHBA4  DC    C'GETA'       function 18    gethostbyaddr           JW
GETPEER4 DC    C'GETP'       function 19    getpeername             JW
TERMAPI4 DC    C'TERM'       function 20    TERMAPI                 SLB
NTOP4    DC    C'NTOP'       EZASMI function
PTON4    DC    C'PTON'       EZASMI function

MINUS1   DC    F'-1'
MINUS2   DC    F'-2'
PLUS1    DC    F'1'          code for FIONBIO
PLUS4    DC    F'4'          call *select* function

WAITTIME DC    F'8'          shorter timer interval = 0.08 seconds
WAITTIMS DC    F'100'        slower  timer interval = 1.00 second

***********************************************************************
*                 Dynamic Storage Area                                *
***********************************************************************
DSA      DSECT
*  EZASOH03 does not currently call any MVS routines. This save area
*  is provided to allow standard linkage conventions with the caller
*  to be implemented. The save area beginning at offset 12 is used
*  locally to isolate internal subroutines from mainline register
*  settings required by the TCPIP instruction.
SAVEAREA DS    18F

* NTOP/PTON work areas                                              SLB
DWRD     DS    D             Packed decimal value                   SLB
WORK1    DS    XL8                                                  SLB
WORK2    DS    XL16                                                 SLB

         DS    0D
DSALEN   EQU   *-DSA

***********************************************************************
*                 EZASMI Task Storage Work Area                       *
*                                                                     *
* Provides EZASOH03 with access to the task storage work area passed  *
* as a pointer in some of the EZASMI parameter lists.                 *
*                                                                     *
***********************************************************************
EZAWORK  DSECT                                                                                                              PAGE 0026
MEMBER NAME  EZASOH03
HEHEAD   DS    A                       Head ptr for HOSTENT list

***********************************************************************
*                 HOSTENT Storage                                     *
***********************************************************************
HOSTSECT DSECT
HOSTLINK DC    A(0)                    Link to next HOSTENT
HOSTTCB  DC    A(0)                    A(Allocating TCB)

HOSTENT  DC    A(GNAME)      h_name                                 JW
         DC    A(GNULL)      h_aliases
         DC    A(AF@INET)    h_addrtype
         DC    F'4'          h_length
         DC    A(GADD2)      h_addr_list
GNULL    DC    F'0'          NULL
GADD2    DC    A(GADDR)      Array [2] addresses
         DC    F'0'          NULL Terminator word

GADDR    DC    F'0'          Address
GNAME    DS    CL256         Name                                   SLB
HOSTLEN  EQU   *-HOSTENT                                            SLB
         DS    0D
HSECTLEN EQU   *-HOSTLINK
         END                                                                                                              PAGE 0027
MEMBER NAME  NCAT
NCAT     TITLE 'TCP/IP EZASMI -- Assembler XF Interface Demo'           00000100
*********************************************************************** 00000200
***                                                                 *** 00000300
*** Program:  NCAT                                                  *** 00000400
***                                                                 *** 00000500
*** Purpose:  Demonstrate using the EZASMI API to interface to      *** 00000600
***           the Hercules host's IP stack via the TCPIP (X'75')    *** 00000700
***           instruction.                                          *** 00000800
***                                                                 *** 00000900
***           NCAT communicates interactively with a network-cat    *** 00001000
***           tool like ncat, netcat, socat, or another NCAT        *** 00001100
***           instance. This can be used to perform interactive     *** 00001200
***           chats over the the internet, or even to run an        *** 00001300
***           interactive "telnet like" shell session.              *** 00001400
***                                                                 *** 00001500
***           A "telnet like" session requires a suitable shell to  *** 00001600
***           be used on the remote side, like for example bash     *** 00001700
***           on *i*x or powershell.exe on Windows systems. For     *** 00001800
***           example, on a Linux host, issuing the following       *** 00001900
***           command will provide a "telnet like" bash session:    *** 00002000
***                                                                 *** 00002100
***           ncat --exec "/bin/bash" -l 4466                       *** 00002200
***                                                                 *** 00002300
***           Issuing the NCAT command without arguments on TSO     *** 00002400
***           will then connect to this bash session, allowing to   *** 00002500
***           execute commands on the host directly from the TSO    *** 00002600
***           terminal.                                             *** 00002700
***                                                                 *** 00002800
*** Usage:    NCAT <options> <hostname> <port>                      *** 00002900
***                                                                 *** 00003000
***           NCAT operates in one of two modes: Connect mode and   *** 00003100
***           listen mode. In connect mode, NCAT works as a client. *** 00003200
***           In listen mode it is a server.                        *** 00003300
***                                                                 *** 00003400
***           - In connect mode, the <hostname> and <port>          *** 00003500
***             arguments tell where to connect to. <hostname> is   *** 00003600
***             required, and may be a hostname or an IP address.   *** 00003700
***             If <port> is supplied, it must be a decimal port    *** 00003800
***             number. If omitted, it defaults to 4466.            *** 00003900
***                                                                 *** 00004000
***           - In listen mode, <hostname> and <port> control the   *** 00004100
***             address the server will bind to. Both arguments are *** 00004200
***             optional. If <hostname> is omitted, it defaults to  *** 00004300
***             listening on all available addresses. If <port> is  *** 00004400
***             omitted, it defaults to 4466.                       *** 00004500
***                                                                 *** 00004600
***           Options                                               *** 00004700
***                                                                 *** 00004800
***           -l Bind and listen for incoming connections.          *** 00004900
***           -j Improved handling and readability for interactive  *** 00005000
***              chats. This option shouldn't be used with sessions *** 00005100
***              where the remote session partner is a shell style  *** 00005200
***              program.                                           *** 00005300
***                                                                 *** 00005400
***           Once the connection is established, data entered in   *** 00005500
***           the TSO session running NCAT will be transferred to   *** 00005600
***           the remote peer and data received from the remote     *** 00005700
***           peer will be displayed on the TSO terminal.           *** 00005800                                                                                                              PAGE 0028
MEMBER NAME  NCAT
***                                                                 *** 00005900
***           To terminate enter /* on the NCAT session, or send    *** 00006000
***           EOT from the remote peer, or close the connection at  *** 00006100
***           the remote peer. When NCAT is running as a server     *** 00006200
***           (i.e. the -l flag was specified) it is recommended    *** 00006300
***           to have the remote peer close its connection first,   *** 00006400
***           because otherwise the server port might enter a       *** 00006500
***           FIN_WAIT_x or a TIME_WAIT state, making it            *** 00006600
***           unavailable until the respective timeout(s)           *** 00006700
***           expire(s).                                            *** 00006800
***                                                                 *** 00006900
*** Note:     The NCAT program isn't designed to perform receive    *** 00007000
***           operations in quick succession, as, after each        *** 00007100
***           receive operation, the data received is written to    *** 00007200
***           the terminal before the next recv() call is           *** 00007300
***           performed. This is no (significant) restriction for   *** 00007400
***           interactive chatting or shell sessions. A peer        *** 00007500
***           program sending bulks of data in quick succession,    *** 00007600
***           however, can easily overrun NCAT.                     *** 00007700
***                                                                 *** 00007800
*** Updates:  2017/01/10 original implementation.                   *** 00007900
***           2017/01/22 command line processing using IKJPARSE.    *** 00008000
***                                                                 *** 00008100
*** Author:   Juergen Winkelmann, winkelmann@id.ethz.ch             *** 00008200
***                                                                 *** 00008300
*** Credits:  Thanks to Shelby Beach for providing an MVS 3.8j      *** 00008400
***           (Assembler XF) version of the EZASMI API.             *** 00008500
***                                                                 *** 00008600
*********************************************************************** 00008700
TERMSIZE EQU   4096             size of terminal input buffer           00008800
RECVSIZE EQU   81920            size of network receive buffer          00008900
NCAT     CSECT ,                start of program                        00009000
         STM   R14,R12,12(R13)  save registers                          00009100
         LR    R12,R15          establish module addressability         00009200
         LA    R11,1(,R12)      second base ..                          00009300
         LA    R11,4095(,R11)                 .. is base plus 4096      00009400
         USING NCAT,R12,R11     tell assembler of base                  00009500
         ST    R13,REGSMAIN+4   chain ..                                00009600
         LA    R2,REGSMAIN        .. the ..                             00009700
         ST    R2,8(R13)            .. save ..                          00009800
         LR    R13,R2                 .. areas                          00009900
*                                                                       00010000
* Parse command line                                                    00010100
*                                                                       00010200
         USING CPPL,R1          establish CPPL addressability           00010300
         MVC   PPLUPT,CPPLUPT   put in the UPT address from CPPL        00010400
         MVC   PPLECT,CPPLECT   put in the ECT address from CPPL        00010500
         MVC   PPLCBUF,CPPLCBUF put in the command buffer address       00010600
         DROP  R1               don't use CPPL any more                 00010700
         CALLTSSR EP=IKJPARS,MF=(E,PPLUPT) invoke parse                 00010800
         L     R2,ANSWER        get answer address                      00010900
         USING OPERANDS,R2      establish answer addressability         00011000
         USING OPERPDE,R3       establish PDE addressability            00011100
         SR    R9,R9            exit indicator for storage release      00011200
         LA    R3,O1            get address of first operand PDE        00011300
         LA    R10,4            operand count                           00011400
PROCESS  TM    OPERFLGS,X'80'   operand present?                        00011500
         BZ    NEXT             no -> process next operand              00011600                                                                                                              PAGE 0029
MEMBER NAME  NCAT
         L     R4,OPER          yes -> get operand address              00011700
         LH    R5,OPERLNG       get operand length                      00011800
         CHI   R5,2             at least two characters?                00011900
         BL    NOTFLAG          no -> can't be a flag                   00012000
         CLC   0(2,R4),=CL2'-j' chat mode requested?                    00012100
         BNE   *+12             no -> default to shell mode             00012200
         MVI   CHAT,X'01'       yes -> enable chat mode                 00012300
         B     NEXT             process next operand                    00012400
         CLC   0(2,R4),=CL2'-l' listen mode requested?                  00012500
         BNE   *+12             no -> default to connect mode           00012600
         MVI   LISTEN,X'01'     yes -> enable listen mode               00012700
         B     NEXT             process next operand                    00012800
         CLI   0(R4),C'-'       any other flag specified?               00012900
         BNE   NOTFLAG          no -> done with flags                   00013000
         LA    R9,1             signal exit after storage release       00013100
         STRING 'Invalid flag specified: ',((R4),(R5)),                +00013200
               INTO=PRTDATA     yes -> format error message ..          00013300
         TPUT  PRTDATA,L'PRTDATA       .. and tell user                 00013400
         B     PARSERLS         release parse storage and exit          00013500
NOTFLAG  LR    R6,R4            operand address                         00013600
         LR    R7,R5            operand length                          00013700
ISDIGIT  CLI   0(R6),C'0'       EBCDIC zero or greater?                 00013800
         BL    NOTPORT          no -> can't be a port number            00013900
         CLI   0(R6),C'9'       EBCDIC nine or lower?                   00014000
         BH    NOTPORT          no -> can't be a port number            00014100
         LA    R6,1(,R6)        increment and ..                        00014200
         BCT   R7,ISDIGIT                       .. check next character 00014300
         LR    R7,R5            number of digits entered as port number 00014400
         CHI   R7,5             more than five digits?                  00014500
         BNH   *+8              no -> use it                            00014600
         LA    R7,5             yes -> truncate to 5 digits             00014700
         ST    R7,PORTLEN       remember number of digits               00014800
         LA    R6,PORTR+5       right justify ..                        00014900
         SR    R6,R7              .. to 5 digits                        00015000
         BCTR  R7,0             decrement for EXecute                   00015100
         EX    R7,MOVEPRTR      get port number right justified         00015200
         PACK  PORTD(8),PORTRPCK(10) pack port number and ..            00015300
         CVB   R6,PORTD             .. convert to binary                00015400
         STH   R6,PORT          remember port number                    00015500
         B     NEXT             process next operand                    00015600
NOTPORT  LR    R7,R5            operand length                          00015700
         BCTR  R7,0             decrement for EXecute                   00015800
         EX    R7,MOVEHOST      get hostname or IP address              00015900
         ST    R5,NAMELEN       remember length                         00016000
NEXT     LA    R3,O2-O1(,R3)    address next operand                    00016100
         BCT   R10,PROCESS      process next operand                    00016200
         DROP  R2,R3            don't need PDEs any more                00016300
PARSERLS IKJRLSA (R2)           free storage that parse allocated       00016400
         LTR   R9,R9            exit signaled?                          00016500
         BNZ   ALLDONE          yes -> exit                             00016600
*                                                                       00016700
* Initialize EZASMI interface                                           00016800
*                                                                       00016900
         XC    EZASMTIE(TIELENTH),EZASMTIE clear EZASMI storage         00017000
         EZASMI TYPE=INITAPI,MAXSNO=MAXSNO,ERRNO=ERRCD,RETCODE=RETCD    00017100
*                                                                       00017200
* Try converting hostname/IP addr to network binary format using PTON   00017300
*                                                                       00017400                                                                                                              PAGE 0030
MEMBER NAME  NCAT
         EZASMI TYPE=PTON,AF='INET',SRCADDR=HOSTIN,SRCLEN=NAMELEN+2,   +00017500
               DSTADDR=IPADDR,ERRNO=ERRCD,RETCODE=RETCD                 00017600
         CLC   RETCD,=X'FFFFFFFF' conversion successful?                00017700
         BE    GETHBN           no, go treat input as a hostname        00017800
         LH    R6,NAMELEN+2     get length                              00017900
         STH   R6,ADDRLEN       remember for display                    00018000
         BCTR  R6,0             decrement for EXecute                   00018100
         LA    R3,HOSTIN        address of IP address                   00018200
         EX    R6,GETIP         copy IP address                         00018300
*                                                                       00018400
* Resolve IP address to hostname using GETHOSTBYADDR                    00018500
*                                                                       00018600
         EZASMI TYPE=GETHOSTBYADDR,HOSTADR=IPADDR,HOSTENT=HOSTENT,     +00018700
               RETCODE=RETCD                                            00018800
         L     R3,HOSTENT       get hostname address ..                 00018900
         L     R3,0(,R3)            .. from HOSTENT                     00019000
         LR    R6,R3            \                                       00019100
CHKLEN   CLI   0(R6),X'00'       \                                      00019200
         BE    HOSTEND            \ compute length                      00019300
         LA    R6,1(,R6)          / of hostname                         00019400
         B     CHKLEN            /                                      00019500
HOSTEND  SR    R6,R3            /                                       00019600
         ST    R6,NAMELEN       remember length                         00019700
         BCTR  R6,0             decrement for EXecute                   00019800
         EX    R6,GETHOST       copy hostname                           00019900
         B     SOCKET           create socket                           00020000
*                                                                       00020100
* Resolve hostname to IP address using GETHOSTBYNAME                    00020200
*                                                                       00020300
GETHBN   L     R6,NAMELEN       get length                              00020400
         BCTR  R6,0             decrement for EXecute                   00020500
         LA    R3,HOSTIN        hostname address                        00020600
         EX    R6,GETHOST       copy hostname                           00020700
         EZASMI TYPE=GETHOSTBYNAME,NAMELEN=NAMELEN,NAME=HOSTNAME,      +00020800
               HOSTENT=HOSTENT,RETCODE=RETCD                            00020900
         L     R3,HOSTENT       \                                       00021000
         L     R3,16(,R3)        \                                      00021100
         L     R3,0(,R3)          > get first IP address from HOSTENT   00021200
         L     R3,0(,R3)         /                                      00021300
         ST    R3,IPADDR        /                                       00021400
*                                                                       00021500
* Convert IP address to dotted decimal format using NTOP                00021600
*                                                                       00021700
         EZASMI TYPE=NTOP,AF='INET',SRCADDR=IPADDR,DSTADDR=ADDR,       +00021800
               DSTLEN=ADDRLEN,ERRNO=ERRCD,RETCODE=RETCD                 00021900
*                                                                       00022000
* Create socket                                                         00022100
*                                                                       00022200
SOCKET   EZASMI TYPE=SOCKET,AF='INET',SOCTYPE='STREAM',                +00022300
               ERRNO=ERRCD,RETCODE=SOCKDESC                             00022400
         LT    R3,SOCKDESC      socket created?                         00022500
         BNL   MODE             yes -> continue                         00022600
         TPUT  MNOSOCK,L'MNOSOCK \ no -> tell user..                    00022700
         B     RETNSOCK          /                  .. and exit         00022800
*                                                                       00022900
* listen or connect                                                     00023000
*                                                                       00023100
MODE     CLI   LISTEN,X'01'     listen mode requested?                  00023200                                                                                                              PAGE 0031
MEMBER NAME  NCAT
         BNE   CONNECT          no -> go connect                        00023300
*                                                                       00023400
* Listen                                                                00023500
*                                                                       00023600
         LH    R6,ADDRLEN       length of dotted decimal IP address     00023700
         ICM   R5,B'1111',NAMELEN length of hostname                    00023800
         BNZ   *+16             not zero -> continue                    00023900
         MVI   HOSTNAME,C'*'    \                                       00024000
         LA    R5,1              > else -> set hostname to asterisk     00024100
         ST    R5,NAMELEN       /                                       00024200
         STRING 'Listening at ',(HOSTNAME,(R5)),' (',(ADDR,(R6)),')',  +00024300
               ' port ',(PORT,H,L),INTO=PRTDATA format message          00024400
BIND     EZASMI TYPE=BIND,S=SOCKDESC+2,NAME=SOCKADDR,                  +00024500
               ERRNO=ERRCD,RETCODE=RETCD                                00024600
         LT    R3,RETCD         socket bound?                           00024700
         BNL   BOUND            yes -> continue                         00024800
         CLFHSI ERRCD,EADDINUS  no -> address already in use?           00024900
         BE    RETRYBND               yes -> wait and retry             00025000
         TPUT  MNOBIND,L'MNOBIND      no -> tell user..                 00025100
         B     RETURN           exit                                    00025200
RETRYBND TPUT  MINUSE,L'MINUSE  tell user                               00025300
         STIMER WAIT,BINTVL=WAIT1000 wait ten seconds                   00025400
         B     BIND             retry                                   00025500
BOUND    EZASMI TYPE=LISTEN,S=SOCKDESC+2,BACKLOG='1',                  +00025600
               ERRNO=ERRCD,RETCODE=RETCD                                00025700
         LT    R3,RETCD         listening?                              00025800
         BNL   LISTNING         yes -> continue                         00025900
         TPUT  MNOLIST,L'MNOLIST no -> tell user..                      00026000
         B     RETURN           exit                                    00026100
LISTNING TPUT  PRTDATA,L'PRTDATA listening, tell user                   00026200
         EZASMI TYPE=ACCEPT,S=SOCKDESC+2,NAME=SOCKADDR,                +00026300
               ERRNO=ERRCD,RETCODE=NEWSOCK                              00026400
         LT    R3,NEWSOCK       socket connected?                       00026500
         BNL   ACCEPTED         yes -> continue                         00026600
         TPUT  MNOACPT,L'MNOACPT no -> tell user..                      00026700
         B     RETURN           exit                                    00026800
ACCEPTED EZASMI TYPE=CLOSE,S=SOCKDESC+2,ERRNO=ERRCD,RETCODE=RETCD       00026900
         MVC   SOCKDESC,NEWSOCK                                         00027000
         B     CONECTED         connection established                  00027100
*                                                                       00027200
* Connect                                                               00027300
*                                                                       00027400
CONNECT  CLC   IPADDR,=XL4'00000000' address zero?                      00027500
         BNE   ADDROK           no -> continue                          00027600
         MVC   IPADDR,=XL4'7F000001'  \                                 00027700
         MVC   ADDR,=CL9'127.0.0.1'    \                                00027800
         MVC   HOSTNAME,=CL9'localhost' \ yes -> connect to             00027900
         LA    R6,9                     /        localhost (127.0.0.1)  00028000
         STH   R6,ADDRLEN              /                                00028100
         ST    R6,NAMELEN             /                                 00028200
ADDROK   EZASMI TYPE=CONNECT,S=SOCKDESC+2,NAME=SOCKADDR,               +00028300
               ERRNO=ERRCD,RETCODE=RETCD                                00028400
         LT    R3,RETCD         socket connected?                       00028500
         BNL   CONECTED         yes -> continue                         00028600
         TPUT  MNOCONN,L'MNOCONN no -> tell user..                      00028700
         B     RETURN           exit                                    00028800
*                                                                       00028900
* Identify peer                                                         00029000                                                                                                              PAGE 0032
MEMBER NAME  NCAT
*                                                                       00029100
CONECTED EZASMI TYPE=GETPEERNAME,S=SOCKDESC+2,NAME=SOCKADDR,           +00029200
               ERRNO=ERRCD,RETCODE=RETCD                                00029300
         LT    R3,RETCD         GETPEERNAME successful?                 00029400
         BNL   GOTPEER          yes -> continue                         00029500
         TPUT  MNOPEER,L'MNOPEER no -> tell user..                      00029600
         B     RETURN           exit                                    00029700
*                                                                       00029800
* Resolve peer IP address to hostname using GETHOSTBYADDR               00029900
*                                                                       00030000
GOTPEER  EZASMI TYPE=GETHOSTBYADDR,HOSTADR=IPADDR,HOSTENT=HOSTENT,     +00030100
               RETCODE=RETCD                                            00030200
         L     R3,HOSTENT       get hostname address ..                 00030300
         L     R3,0(,R3)            .. from HOSTENT                     00030400
         LR    R6,R3            \                                       00030500
CHKLENP  CLI   0(R6),X'00'       \                                      00030600
         BE    HOSTENDP           \ compute length                      00030700
         LA    R6,1(,R6)          / of hostname                         00030800
         B     CHKLENP           /                                      00030900
HOSTENDP SR    R6,R3            /                                       00031000
         ST    R6,NAMELEN       remember length                         00031100
         BCTR  R6,0             decrement for EXecute                   00031200
         EX    R6,GETHOST       copy hostname                           00031300
*                                                                       00031400
* Convert peer IP address to dotted decimal format using NTOP           00031500
*                                                                       00031600
         LA    R6,L'ADDR        reinitialize length ..                  00031700
         STH    R6,ADDRLEN                            .. of IP address  00031800
         EZASMI TYPE=NTOP,AF='INET',SRCADDR=IPADDR,DSTADDR=ADDR,       +00031900
               DSTLEN=ADDRLEN,ERRNO=ERRCD,RETCODE=RETCD                 00032000
*                                                                       00032100
* Display connection message                                            00032200
*                                                                       00032300
         LH    R6,ADDRLEN       length of dotted decimal IP address     00032400
         L     R5,NAMELEN       length of hostname                      00032500
         LA    R4,MFROM         indicate server mode                    00032600
         LA    R3,L'MFROM       length of server mode message           00032700
         LT    R2,NEWSOCK       did we get a new socket?                00032800
         BNL   *+12             yes -> continue                         00032900
         LA    R4,MTO           indicate client mode                    00033000
         LA    R3,L'MTO         length of client mode message           00033100
         STRING ((R4),(R3)),(HOSTNAME,(R5)),' (',(ADDR,(R6)),')',      +00033200
               ' port ',(PORT,H,L),INTO=PRTDATA format message          00033300
         TPUT  PRTDATA,L'PRTDATA display message                        00033400
*                                                                       00033500
* Get storage for SEND/RECV buffers                                     00033600
*                                                                       00033700
         GETMAIN R,LV=TERMSIZE  get terminal input buffer               00033800
         ST    R1,TERMBUFA      remember address                        00033900
         GETMAIN R,LV=RECVSIZE  get network input buffer                00034000
         ST    R1,NETIN         remember address                        00034100
*                                                                       00034200
* Use linefeed character matching the installation's conversion tables  00034300
*                                                                       00034400
         LA    R3,1             convert ASCII linefeed ..               00034500
         ST    R3,NETLENR                .. to EBCDIC (LF or NL) and .. 00034600
         CALL  EZACIC05,(LF1+4,NETLENR),VL .. put it into ..            00034700
         MVC   LF2+1(1),LF1+4                .. immediate instructions  00034800                                                                                                              PAGE 0033
MEMBER NAME  NCAT
*                                                                       00034900
* Start terminal input task                                             00035000
*                                                                       00035100
         MVI   RUNNING,X'01'    indicate dialog is running              00035200
         IDENTIFY EP=NCATRMIN,ENTRY=GETLINE define entry point          00035300
         ATTACH EP=NCATRMIN     attach task                             00035400
         ST    R1,TERMTCB       remember TCB                            00035500
*                                                                       00035600
* While RUNNING is X'01' and no RECV error occurs:                      00035700
* Read network input from peer and display it on terminal               00035800
*                                                                       00035900
         TPUT  UNLOCK,5,CONTROL unlock keyboard                         00036000
READNET  CLI   RUNNING,X'01'    dialog running?                         00036100
         BNE   RETURN           no -> exit                              00036200
         MVC   NETLENR,NETINL   yes -> get length of network buffer     00036300
         EZASMI TYPE=RECV,S=SOCKDESC+2,NBYTE=NETLENR,BUF=*NETIN,       +00036400
               ERRNO=ERRCD,RETCODE=RETCD                                00036500
         LT    R3,RETCD         successfully received?                  00036600
         BNL   RECVOK           yes -> continue                         00036700
         CLFHSI ERRCD,ENOTSOCK  no -> socket already closed?            00036800
         BE    RETNSOCK               yes -> exit without error msg     00036900
         CLFHSI ERRCD,ECANCELD        no -> RECV cancelled?             00037000
         BE    RETNSOCK                     yes -> exit without msg     00037100
         TPUT  MNORECV,L'MNORECV            no -> tell user..           00037200
         B     RETURN           exit                                    00037300
RECVOK   BH    CONVERT          convert if at least one byte received   00037400
         TPUT  EOD,L'EOD        nothing received: Tell user ..          00037500
         B     RETURN              .. and exit                          00037600
CONVERT  ST    R3,NETLENR       store length for use by EZACIC05        00037700
         L     R4,NETIN         address data                            00037800
         CALL  EZACIC05,((R4),NETLENR),VL convert to EBCDIC             00037900
         CLI   0(R4),55         EOT character received?                 00038000
         BNE   CHKCHATR         no -> check for dialog type             00038100
         TPUT  EOT,L'EOT        yes -> Tell user ..                     00038200
         B     RETURN              .. and exit                          00038300
CHKCHATR CLI   CHAT,X'01'       chat mode?                              00038400
         BNE   DISPLAY          no -> display received data             00038500
         TPUT  NEWLINE,1,ASIS   yes -> avoid overtyping of input        00038600
*                                                                       00038700
* Split data at LF or CRLF and display line by line on terminal         00038800
*                                                                       00038900
DISPLAY  LR    R5,R4            initialize compare pointer              00039000
         SR    R8,R8            initialize to zero for CLIJ             00039100
NEXTCHAR IC    R8,0(,R5)        load character to check                 00039200
LF1      CLIJE R8,X'0A',DISPLINE if linefeed -> display line            00039300
         LA    R5,1(,R5)                else -> point to next character 00039400
         B     NEXTCHAR         check next character                    00039500
DISPLINE MVI   0(R5),X'15'      replace linefeed with newline           00039600
         LR    R7,R4            remember begin of current output line   00039700
         LA    R6,1(,R5)        remember begin of next output line      00039800
         BCTR  R5,0             last character of output line           00039900
         IC    R8,0(,R5)        load character to check                 00040000
         CLIJNE R8,X'0D',LASTCHAR if not CR -> go ahead                 00040100
         BCTR  R5,0                    else -> decrement                00040200
LASTCHAR LA    R5,1(,R5)        compute ...                             00040300
         SR    R5,R4                       ... length of output line    00040400
         TPUT  (R7),(R5)        display on terminal                     00040500
         LR    R5,R6            compute ..                              00040600                                                                                                              PAGE 0034
MEMBER NAME  NCAT
         SR    R5,R7                      .. residual ..                00040700
         SR    R3,R5                                    .. count        00040800
         LR    R4,R6            initialize ..                           00040900
         LR    R5,R6                         .. next line               00041000
         BNZ   NEXTCHAR         more data -> check it                   00041100
         TPUT  NEWLINE,1,ASIS        else -> newline ..                 00041200
         TPUT  PROMPT,1,ASIS                       .. prompt            00041300
         TPUT  UNLOCK,5,CONTROL                  .. and unlock keyboard 00041400
         B     READNET          continue reading socket                 00041500
*                                                                       00041600
* Exit processing                                                       00041700
*                                                                       00041800
RETURN   EZASMI TYPE=CLOSE,S=SOCKDESC+2,ERRNO=ERRCD,RETCODE=RETCD       00041900
RETNSOCK MVI   RUNNING,X'02'    terminate terminal task                 00042000
         STIMER WAIT,BINTVL=WAIT50 wait half a second                   00042100
         EZASMI TYPE=TERMAPI    terminate API                           00042200
         CLI   RUNNING,X'00'    never running?                          00042300
         BE    DONE             yes -> just exit                        00042400
         STIMER WAIT,BINTVL=WAIT50 wait half a second                   00042500
         CLI   RUNNING,X'FF'    terminal subtask already terminated?    00042600
         BE    DONE             yes -> we are done                      00042700
         STIMER WAIT,BINTVL=WAIT50 no -> wait half a second and exit    00042800
*                                                                       00042900
* Release SEND/RECV buffers                                             00043000
*                                                                       00043100
DONE     ICM   R1,B'1111',TERMBUFA send buffer address                  00043200
         BZ    RELNETIN         skip release if never allocated         00043300
         FREEMAIN R,LV=TERMSIZE,A=(R1) release send buffer              00043400
RELNETIN ICM   R1,B'1111',NETIN receive buffer address                  00043500
         BZ    ALLDONE          skip release if never allocated         00043600
         FREEMAIN R,LV=RECVSIZE,A=(R1) release receive buffer           00043700
*                                                                       00043800
* That's all folks!                                                     00043900
*                                                                       00044000
ALLDONE  L     R13,4(,R13)      caller's save area pointer              00044100
         RETURN (14,12),RC=0    restore registers and return            00044200
*                                                                       00044300
* Read terminal input and send it to peer                               00044400
*                                                                       00044500
         DROP  R11,R12          avoid confusion                         00044600
MAINLEN  DC    Y(GETLINE-NCAT)  length of mainline code                 00044700
GETLINE  STM   R14,R12,12(R13)  save registers                          00044800
         USING GETLINE,R15      tell assembler of temporary base        00044900
         ST    R13,REGSTGET+4   chain ..                                00045000
         LA    R2,REGSTGET        .. the ..                             00045100
         ST    R2,8(R13)            .. save ..                          00045200
         LR    R13,R2                 .. areas                          00045300
         LA    R5,GETLINE       address ..                              00045400
         BCTR  R5,0                      .. length of ..                00045500
         BCTR  R5,0                                    .. mainline code 00045600
         DROP  R15              temporary base no longer needed         00045700
         LR    R12,R15          entry address minus mainline ..         00045800
         SH    R12,0(,R5)                    .. length is mainline base 00045900
         LA    R11,1(,R12)      second base ..                          00046000
         LA    R11,4095(,R11)                 .. is base plus 4096      00046100
         USING NCAT,R12,R11     tell assembler to use mainline bases    00046200
*                                                                       00046300
* Loop while RUNNING is X'01' and no SEND error occurs                  00046400                                                                                                              PAGE 0035
MEMBER NAME  NCAT
*                                                                       00046500
         TPUT  NEWLINE,1,ASIS   initial newline and ..                  00046600
         TPUT  PROMPT,1,ASIS                          .. prompt         00046700
         B     READNEXT         unlock keyboard and read from terminal  00046800
READTERM CLI   RUNNING,X'01'    dialog running?                         00046900
         BNE   STOPTRMI         no -> stop this task                    00047000
         L     R9,TERMBUFA      address of terminal buffer              00047100
         L     R8,TERMBUFS      size of terminal buffer                 00047200
         TGET  (R9),(R8),,NOWAIT yes -> read input from terminal        00047300
         CFI   R15,4            input available?                        00047400
         BNE   GOTINPUT         yes -> check for EOD                    00047500
         STIMER WAIT,BINTVL=WAIT25 no -> wait quarter second ..         00047600
         B     READTERM                  .. and try again               00047700
GOTINPUT CLHHSI 0(R9),C'/*'     EOD?                                    00047800
         BNE   SENDIT           no -> send it                           00047900
         TPUT  EOD,L'EOD        yes -> Tell user ..                     00048000
         B     STOPTRMI                .. and stop this task            00048100
SENDIT   LA    R3,1(,R1)        increment length for newline            00048200
         ST    R3,NETLENS       store length for use by EZACIC04/SEND   00048300
         LA    R2,0(R1,R9)      terminal input                          00048400
LF2      MVI   0(R2),*-*        insert linefeed character               00048500
         L     R4,TERMBUFA      address data                            00048600
         CALL  EZACIC04,((R4),NETLENS),VL convert to ASCII              00048700
         EZASMI TYPE=SEND,S=SOCKDESC+2,NBYTE=NETLENS,BUF=*TERMBUFA,    +00048800
               ERRNO=ERRCDS,RETCODE=RETCDS,MF=(E,TRMPLIST)              00048900
         LT    R3,RETCDS        successfully sent?                      00049000
         BNL   CHKCHATS         yes -> check for dialog type            00049100
         TPUT  MNOSEND,L'MNOSEND no -> tell user..                      00049200
         B     STOPTRMI                .. and stop this task            00049300
CHKCHATS CLI   CHAT,X'01'       chat mode?                              00049400
         BNE   READNEXT         no -> read next line                    00049500
         TPUT  NEWLINE,1,ASIS   yes -> newline and ..                   00049600
         TPUT  PROMPT,1,ASIS                         .. prompt          00049700
READNEXT TPUT  UNLOCK,5,CONTROL unlock keyboard                         00049800
         B     READTERM         start over                              00049900
*                                                                       00050000
* Close connection and exit terminal input handler                      00050100
*                                                                       00050200
STOPTRMI CLI   RUNNING,X'02'    stopped by main task?                   00050300
         BE    OUT              yes -> exit, no -> close, then exit     00050400
         EZASMI TYPE=CLOSE,S=SOCKDESC+2,ERRNO=ERRCDS,RETCODE=RETCDS,   +00050500
               MF=(E,TRMPLIST)                                          00050600
         STIMER WAIT,BINTVL=WAIT25 wait quarter second                  00050700
OUT      MVI   RUNNING,X'FF'    indicate we are out                     00050800
         L     R13,4(,R13)      caller's save area pointer              00050900
         RETURN (14,12),RC=0    restore registers and return            00051000
*                                                                       00051100
* EXecuted instructions                                                 00051200
*                                                                       00051300
GETHOST  MVC   HOSTNAME(*-*),0(R3) copy hostname                        00051400
GETIP    MVC   ADDR(*-*),0(R3)  copy IP address                         00051500
MOVEPRTR MVC   0(*-*,R6),0(R4)  right justify port number               00051600
MOVEHOST MVC   HOSTIN(*-*),0(R4) get hostname/IP addr from command line 00051700
*                                                                       00051800
* Data areas                                                            00051900
*                                                                       00052000
REGSMAIN DS    18F              main task save area                     00052100
REGSTGET DS    18F              terminal input task save area           00052200                                                                                                              PAGE 0036
MEMBER NAME  NCAT
ERRCD    DC    A(*-*)           error code main task                    00052300
ERRCDS   DC    A(*-*)           error code terminal input task          00052400
RETCD    DC    A(*-*)           return code main task                   00052500
RETCDS   DC    A(*-*)           return code terminal input task         00052600
MAXSNO   DC    A(*-*)           highest socket number assigned          00052700
SOCKDESC DC    F'-1'            socket descriptor                       00052800
SOCKADDR DS    0F               sockaddr structure                      00052900
AF@INET  DC    H'2'             address family                          00053000
PORT     DC    H'4466'          port to connect to or listen at         00053100
IPADDR   DC    F'0'             INET address (netid)                    00053200
         DC    XL8'00'          Reserved area not used                  00053300
NEWSOCK  DC    F'-1'            new socket descriptor from ACCEPT       00053400
HOSTENT  DC    F'0'             address of HOSTENT structure goes here  00053500
PORTD    DC    D'0'             decimal port number                     00053600
MNOSOCK  DC    C'SOCKET failed'                                         00053700
MNOCLOS  DC    C'CLOSE failed'                                          00053800
MNOCONN  DC    C'CONNECT failed'                                        00053900
MNOBIND  DC    C'BIND failed'                                           00054000
MINUSE   DC    C'BIND: Address in use, retrying in 10 seconds...'       00054100
MNOLIST  DC    C'LISTEN failed'                                         00054200
MNOACPT  DC    C'ACCEPT failed'                                         00054300
MNOPEER  DC    C'GETPEERNAME failed'                                    00054400
MNOSEND  DC    C'SEND failed'                                           00054500
MNORECV  DC    C'RECV failed'                                           00054600
MFROM    DC    C'Connection from '                                      00054700
MTO      DC    C'Connected to '                                         00054800
EOD      DC    C'Terminating at EOD'                                    00054900
EOT      DC    C'Terminating at EOT'                                    00055000
NEWLINE  DC    X'15'            EBCDIC newline character                00055100
PROMPT   DC    C'$'             prompt character                        00055200
CHAT     DC    X'00'            dialog type: chat = 1, shell = 0        00055300
LISTEN   DC    X'00'            mode: listen = 1, connect = 0           00055400
RUNNING  DC    X'00'            status indicator                        00055500
UNLOCK   DC    X'27F1C30013'    control datastream to unlock keyboard   00055600
ADDR     DC    CL15' '          dotted decimal IP address               00055700
ADDRLEN  DC    Y(L'ADDR)        length of dotted decimal IP address     00055800
HOSTNAME DC    CL256' '         Hostname                                00055900
TERMTCB  DS    F                TCB of terminal input subtask           00056000
WAIT25   DC    F'25'            quarter of a second                     00056100
WAIT50   DC    F'50'            half a second                           00056200
WAIT1000 DC    F'1000'          ten seconds                             00056300
NAMELEN  DC    F'0'             length of hostname                      00056400
PORTLEN  DC    F'0'             length of port number                   00056500
NETLENR  DS    F                number of bytes for RECV/EZACIC05       00056600
NETLENS  DS    F                number of bytes for SEND/EZACIC04       00056700
PORTRPCK DC    CL5' '           port right justified for PACK           00056800
PORTR    DC    CL5' '           port right justified                    00056900
PRTDATA  DC    CL78' '          formatted result                        00057000
HOSTIN   DC    CL50' '          hostname or IP addr from command line   00057100
TERMBUFA DC    F'0'             address of terminal input buffer        00057200
TERMBUFS DC    A(TERMSIZE)      size of terminal input buffer           00057300
NETIN    DC    F'0'             address of network input buffer         00057400
NETINL   DC    A(RECVSIZE)      size of network input buffer            00057500
ANSWER   DS    F                IKJPARSE answer place                   00057600
PPLUPT   DS    A                address of UPT                          00057700
PPLECT   DS    A                address of ECT                          00057800
PPLECB   DC    A(ECB)           address of CP's ECB                     00057900
PPLPCL   DC    A(PCLDEFS)       address of PCL                          00058000                                                                                                              PAGE 0037
MEMBER NAME  NCAT
PPLANS   DC    A(ANSWER)        address of answer place                 00058100
PPLCBUF  DS    A                address of command buffer               00058200
PPLUWA   DC    A(0)             address of user work area               00058300
ECB      DC    F'0'             CP's event control block                00058400
PCLDEFS  IKJPARM  DSECT=OPERANDS begin of operand descriptions          00058500
O1       IKJIDENT 'Operand 1',ASIS,CHAR                                 00058600
O2       IKJIDENT 'Operand 2',ASIS,CHAR                                 00058700
O3       IKJIDENT 'Operand 3',ASIS,CHAR                                 00058800
O4       IKJIDENT 'Operand 4',ASIS,CHAR                                 00058900
         IKJENDP ,              end of operand descriptions             00059000
TRMPLIST EZASMI MF=L            EZASMI parameter list for terminal task 00059100
         EZASMI TYPE=TASK,STORAGE=CSECT EZASMI task storage             00059200
         LTORG                  literals go here                        00059300
         STRING GENERATE        STRING storage and code goes here       00059400
ENOTSOCK EQU   38               socket already closed on RECV           00059500
EADDINUS EQU   48               address already in use                  00059600
ECANCELD EQU   1009             RECV cancelled, EIBMCANCELLED           00059700
OPERPDE  DSECT ,                PDE mapping for a positional operand    00059800
OPER     DS    F                address of operand value                00059900
OPERLNG  DS    H                length of operand value                 00060000
OPERFLGS DS    CL1              flags byte                              00060100
         DS    CL1              reserved                                00060200
         IKJCPPL ,              command processor parameter list        00060300
         CVT   DSECT=YES        CVT mapping needed for CALLTSSR         00060400
         YREGS ,                register equates                        00060500
         END   NCAT             end of program                          00060600                                                                                                              PAGE 0038
MEMBER NAME  NSLOOKUP
NSLOOKUP TITLE 'TCP/IP EZASMI -- Assembler XF Interface Demo'           00010000
*********************************************************************** 00020000
***                                                                 *** 00030000
*** Program:  NSLOOKUP                                              *** 00040000
***                                                                 *** 00050000
*** Purpose:  Demonstrate using the EZASMI API to interface to      *** 00060000
***           the Hercules host's IP stack via the TCPIP (X'75')    *** 00070000
***           instruction.                                          *** 00080000
***                                                                 *** 00090000
*** Usage:    Run from the TSO READY prompt.                        *** 00100000
***                                                                 *** 00110000
*** Function: - read hostname or IP address from terminal.          *** 00120000
***                                                                 *** 00130000
***           - resolve depending on type of input:                 *** 00140000
***                                                                 *** 00150000
***             o Hostname:   Call GETHOSTBYNAME and NTOP           *** 00160000
***             o IP address: Call PTON and GETHOSTBYADDR           *** 00170000
***                                                                 *** 00180000
***           - display result on terminal.                         *** 00190000
***                                                                 *** 00200000
*** Updates:  2016/12/31 original implementation.                   *** 00210000
***                                                                 *** 00220000
*** Author:   Juergen Winkelmann, winkelmann@id.ethz.ch             *** 00230000
***                                                                 *** 00240000
*** Credits:  Thanks to Shelby Beach for providing an MVS 3.8j      *** 00250000
***           (Assembler XF) version of the EZASMI API.             *** 00260000
***                                                                 *** 00270000
*********************************************************************** 00280000
NSLOOKUP CSECT ,                start of program                        00290000
         STM   R14,R12,12(R13)  save registers                          00300000
         LR    R12,R15          establish module addressability         00310000
         USING NSLOOKUP,R12     tell assembler of base                  00320000
         ST    R13,REGSAVE+4    chain ..                                00330000
         LA    R2,REGSAVE         .. the ..                             00340000
         ST    R2,8(R13)            .. save ..                          00350000
         LR    R13,R2                 .. areas                          00360000
*                                                                       00370000
* Get input                                                             00380000
*                                                                       00390000
         TPUT  BANNER,BANNERL,ASIS prompt for hostname or IP address    00400000
         TGET  INPUT,L'INPUT    read input from terminal                00410000
         LR    R5,R1            remember length ..                      00420000
         ST    R5,NAMELEN                          .. of input          00430000
*                                                                       00440000
* Initialize EZASMI interface                                           00450000
*                                                                       00460000
         EZASMI TYPE=INITAPI,MAXSNO=MAXSNO,ERRNO=ERRCD,RETCODE=RETCD    00470000
*                                                                       00480000
* Try converting input to network binary format using PTON              00490000
*                                                                       00500000
         EZASMI TYPE=PTON,AF='INET',SRCADDR=INPUT,SRCLEN=NAMELEN+2,    +00510000
               DSTADDR=IPADDR,ERRNO=ERRCD,RETCODE=RETCD                 00520000
         CLC   RETCD,=X'FFFFFFFF' conversion successful?                00530000
         BE    GETHBN           no, go treat input as a hostname        00540000
*                                                                       00550000
* Resolve IP address to hostname using GETHOSTBYADDR                    00560000
*                                                                       00570000
         EZASMI TYPE=GETHOSTBYADDR,HOSTADR=IPADDR,HOSTENT=HOSTENT,     +00580000                                                                                                              PAGE 0039
MEMBER NAME  NSLOOKUP
               RETCODE=RETCD                                            00590000
         L     R3,HOSTENT       get hostname address ..                 00600000
         L     R3,0(,R3)            .. from HOSTENT                     00610000
         LR    R6,R3            \                                       00620000
CHKLEN   CLI   0(R6),X'00'       \                                      00630000
         BE    HOSTEND            \ compute length                      00640000
         LA    R6,1(,R6)          / of hostname                         00650000
         B     CHKLEN            /                                      00660000
HOSTEND  SR    R6,R3            /                                       00670000
         STRING 'IP address: ',(INPUT,(R5)),', Hostname: ',((R3),(R6)),+00680000
               INTO=PRTDATA     format result                           00690000
         B     DISPLAY          display result on terminal              00700000
*                                                                       00710000
* Resolve hostname to IP address using GETHOSTBYNAME                    00720000
*                                                                       00730000
GETHBN   DS    0H               come here if input isn't an IP address  00740000
         EZASMI TYPE=GETHOSTBYNAME,NAMELEN=NAMELEN,NAME=INPUT,         +00750000
               HOSTENT=HOSTENT,RETCODE=RETCD                            00760000
         L     R3,HOSTENT       \                                       00770000
         L     R3,16(,R3)        \                                      00780000
         L     R3,0(,R3)          > get first IP address from HOSTENT   00790000
         L     R3,0(,R3)         /                                      00800000
         ST    R3,IPADDR        /                                       00810000
*                                                                       00820000
* Convert IP address to dotted decimal format using NTOP                00830000
*                                                                       00840000
         EZASMI TYPE=NTOP,AF='INET',SRCADDR=IPADDR,DSTADDR=ADDR,       +00850000
               DSTLEN=ADDRLEN,ERRNO=ERRCD,RETCODE=RETCD                 00860000
         LH    R6,ADDRLEN       length of converted address             00870000
         STRING 'Hostname: ',(INPUT,(R5)),', IP address: ',(ADDR,(R6)),+00880000
               INTO=PRTDATA     format result                           00890000
*                                                                       00900000
* Display result, terminate EZASMI interface and return                 00910000
*                                                                       00920000
DISPLAY  TPUT  PRTDATA,L'PRTDATA display result                         00930000
         EZASMI TYPE=TERMAPI    terminate API                           00940000
         L     R13,4(,R13)      caller's save area pointer              00950000
         RETURN (14,12),RC=0    restore registers and return            00960000
*                                                                       00970000
* Data areas                                                            00980000
*                                                                       00990000
REGSAVE  DS    18F              save area                               01000000
ERRCD    DC    A(*-*)           error code                              01010000
RETCD    DC    A(*-*)           return code                             01020000
MAXSNO   DC    A(*-*)           highest socket number assigned          01030000
NAMELEN  DS    F                length of hostname                      01040000
IPADDR   DS    F                IP address in network binary format     01050000
HOSTENT  DS    F                address of HOSTENT structure goes here  01060000
BANNER   DC    C'MVS 3.8j NSLOOKUP - enter hostname or IP address:'     01070000
BANNERL  EQU   *-BANNER         length of banner                        01080000
ADDR     DC    CL15' '          dotted decimal IP address               01090000
ADDRLEN  DC    AL2(L'ADDR)      length of dotted decimal IP address     01100000
INPUT    DC    CL60' '          input from terminal goes here           01110000
PRTDATA  DC    CL78' '          formated result                         01120000
         EZASMI TYPE=TASK,STORAGE=CSECT EZASMI storage goes here        01130000
         STRING GENERATE        STRING storage and code goes here       01140000
         YREGS ,                register equates                        01150000
         END   NSLOOKUP         end of program                          01160000                               PPPPPPPPPPP   RRRRRRRRRRR   TTTTTTTTTTTT   AAAAAAAAAA    SSSSSSSSSS   MM        MM
                              PPPPPPPPPPPP  RRRRRRRRRRRR  TTTTTTTTTTTT  AAAAAAAAAAAA  SSSSSSSSSSSS  MMM      MMM
                             PP        PP  RR        RR       TT       AA        AA  SS        SS  MMMM    MMMM
                            PP        PP  RR        RR       TT       AA        AA  SS            MM MM  MM MM
                           PP        PP  RR        RR       TT       AA        AA  SSS           MM  MMMM  MM
                          PPPPPPPPPPPP  RRRRRRRRRRRR       TT       AAAAAAAAAAAA   SSSSSSSSS    MM   MM   MM
                         PPPPPPPPPPP   RRRRRRRRRRR        TT       AAAAAAAAAAAA    SSSSSSSSS   MM        MM
                        PP            RR    RR           TT       AA        AA           SSS  MM        MM
                       PP            RR     RR          TT       AA        AA            SS  MM        MM
                      PP            RR      RR         TT       AA        AA  SS        SS  MM        MM
                     PP            RR       RR        TT       AA        AA  SSSSSSSSSSSS  MM        MM
                    PP            RR        RR       TT       AA        AA   SSSSSSSSSS   MM        MM



                    JJJJJJJJJJ       11        2222222222   555555555555                               AAAAAAAAAA
                    JJJJJJJJJJ      111       222222222222  555555555555                              AAAAAAAAAAAA
                        JJ         1111       22        22  55                                        AA        AA
                        JJ           11                 22  55                                        AA        AA
                        JJ           11                 22  55                                        AA        AA
                        JJ           11                22   555555555                                 AAAAAAAAAAAA
                        JJ           11              22     5555555555                                AAAAAAAAAAAA
                        JJ           11            22                55                               AA        AA
                  JJ    JJ           11          22                   55                              AA        AA
                  JJ    JJ           11        22                     55                              AA        AA
                  JJJJJJJJ       1111111111   222222222222  555555555555                              AA        AA
                   JJJJJJ        1111111111   222222222222  55555555555                               AA        AA


****A   END   JOB  125  PRTASM                          ROOM       11.43.05 AM 02 SEP 26  PRINTER1  SYS TK5R  JOB  125   END   A****
****A   END   JOB  125  PRTASM                          ROOM       11.43.05 AM 02 SEP 26  PRINTER1  SYS TK5R  JOB  125   END   A****
****A   END   JOB  125  PRTASM                          ROOM       11.43.05 AM 02 SEP 26  PRINTER1  SYS TK5R  JOB  125   END   A****
****A   END   JOB  125  PRTASM                          ROOM       11.43.05 AM 02 SEP 26  PRINTER1  SYS TK5R  JOB  125   END   A****
